bytes,channel,date,error,file,kind,ok,relevance,score,sha256,source,source_page,title,url,year
9263599,,,,data\raw\public_agriculture_sources\jurong_local_agri_support\monographs\fao_climate_smart_agriculture_sourcebook.pdf,open_monograph,True,适合江苏句容做气候风险、节水灌溉、绿色生产和政策决策支撑。,,6960a6c5f2d08a11117b11f0f9e3256ca24a7b2f9b27c315e49ad44200141d1d,FAO,,Climate-Smart Agriculture Sourcebook,https://www.fao.org/4/i3325e/i3325e.pdf,
12781996,,,,data\raw\public_agriculture_sources\jurong_local_agri_support\monographs\fao_save_and_grow_maize_rice_wheat.pdf,open_monograph,True,适合支撑江苏句容水稻、粮食安全、绿色高产和节本增效问答。,,e4331d6c16c1273e2380b644c39b31285dc5adf6351a58d9d83bae0a9297c403,FAO,,"Save and Grow in practice: maize, rice, wheat",https://www.fao.org/3/a-i4009e.pdf,
6461207,,,,data\raw\public_agriculture_sources\jurong_local_agri_support\monographs\fao_greenhouse_vegetable_gap.pdf,open_monograph,True,适合支撑草莓、设施蔬菜、棚室水肥管理和质量安全。,,255ba0b474c1559f441f8c2eaf1395015792845511ca6506dd038ce8a08c8a6a,FAO,,Good Agricultural Practices for greenhouse vegetable crops,https://www.fao.org/3/i3284e/i3284e.pdf,
58759333,,,,data\raw\public_agriculture_sources\jurong_local_agri_support\monographs\fao_small_scale_aquaponic_food_production.pdf,open_monograph,True,适合支撑鱼菜共生、水产和设施农业融合场景。,,0ca44ba739e100d356942b9d110b133e689e167fd8c9010068ae9b038f19f368,FAO,,Small-scale aquaponic food production,https://www.fao.org/3/i4021e/i4021e.pdf,
14174752,,,,data\raw\public_agriculture_sources\jurong_local_agri_support\monographs\fao_land_water_resources_solaw.pdf,open_monograph,True,适合支撑耕地、水资源、土壤退化、高标准农田和生态农业判断。,,bcebf5c1dad25e7b62b96775a5c615d3ab0dee728b67c43515fb71b8469e1af5,FAO,,The State of the World's Land and Water Resources for Food and Agriculture,https://www.fao.org/4/i1688e/i1688e.pdf,
7593176,,,,data\raw\public_agriculture_sources\jurong_local_agri_support\monographs\fao_future_food_agriculture_trends.pdf,open_monograph,True,适合支撑农业产业趋势、经营风险、市场与政策研判。,,f4f29f7c32ab89495d64a5171fb4ec7ca6d53910370ac2cdfc8bd6b9361869f9,FAO,,The future of food and agriculture: trends and challenges,https://www.fao.org/3/i6583e/i6583e.pdf,
15978,,,,data\raw\public_agriculture_sources\jurong_local_agri_support\historical_data\jurong_statistics_2024.md,jurong_historical_statistics,True,,,8036ce7afcecc14f0fe319734b13526e8ee4f7b4f027361740043425f20486dc,句容市统计局,data\raw\public_agriculture_sources\jurong_local_agri_support\source_pages\statistics_2024.html,2024年句容市国民经济和社会发展统计公报,https://www.jurong.gov.cn/jrtjj/tjgb/202505/04d8519a144f4e51910ecfdda01b216b.shtml,2024
14432,,,,data\raw\public_agriculture_sources\jurong_local_agri_support\historical_data\jurong_statistics_2023.md,jurong_historical_statistics,True,,,b81d9e612486ffbc0aab635ca09fb2273b81ed4afe03aa586ea20112f87d8791,句容市统计局,data\raw\public_agriculture_sources\jurong_local_agri_support\source_pages\statistics_2023.html,2023年句容市国民经济和社会发展统计公报,https://www.jurong.gov.cn/jrtjj/tjgb/202405/da2d9c66c31644dbbfbfb5f34c91b386.shtml,2023
13605,,,,data\raw\public_agriculture_sources\jurong_local_agri_support\historical_data\jurong_statistics_2022.md,jurong_historical_statistics,True,,,f7c8247c04e5c544f15316256bb000ec05727a1cf0496e603dff9b74ead850d5,句容市统计局,data\raw\public_agriculture_sources\jurong_local_agri_support\source_pages\statistics_2022.html,2022年句容市国民经济和社会发展统计公报,https://www.jurong.gov.cn/jrtjj/tjgb/202605/9ca24b01593f42e9a24b2a11edf04e94.shtml,2022
14884,,,,data\raw\public_agriculture_sources\jurong_local_agri_support\historical_data\jurong_statistics_2021.md,jurong_historical_statistics,True,,,17736d7276bc0e0d4a23b55ab0243334b99deb2cd393403e73edee93541af75d,句容市统计局,data\raw\public_agriculture_sources\jurong_local_agri_support\source_pages\statistics_2021.html,2021年句容市国民经济和社会发展统计公报,https://www.jurong.gov.cn/jrtjj/tjgb/202206/b814dd173d984a3185fcaf6a0b00263a.shtml,2021
12426,,,,data\raw\public_agriculture_sources\jurong_local_agri_support\historical_data\jurong_statistics_2020.md,jurong_historical_statistics,True,,,d9da331fcb107168a76753b4d2c311f068620bc7adb1ab486646bccc2fcace35,句容市统计局,data\raw\public_agriculture_sources\jurong_local_agri_support\source_pages\statistics_2020.html,句容市2020年国民经济和社会发展统计公报,https://www.jurong.gov.cn/jrtjj/tjgb/202107/5b9cabd08f524c1a8d3b81e28961a660.shtml,2020
13716,,,,data\raw\public_agriculture_sources\jurong_local_agri_support\historical_data\jurong_statistics_2019.md,jurong_historical_statistics,True,,,bd0d2179f8a5fb8317cfe692d21facdcd868b18e5dac040d82effac14751b867,句容市统计局,data\raw\public_agriculture_sources\jurong_local_agri_support\source_pages\statistics_2019.html,句容市2019年国民经济和社会发展统计公报,https://www.jurong.gov.cn/jrtjj/tjgb/202008/038115170da6451cb49a746887b7f3fa.shtml,2019
19880,,,,data\raw\public_agriculture_sources\jurong_local_agri_support\historical_data\jurong_statistics_2018.md,jurong_historical_statistics,True,,,874fc3c708747d4a33e12ddfa6469835026172d29b6a06dd8eeacfd590e72909,句容市统计局,data\raw\public_agriculture_sources\jurong_local_agri_support\source_pages\statistics_2018.html,句容市2018年国民经济和社会发展统计公报,https://www.jurong.gov.cn/jrtjj/tjgb/201906/f4db2428986f495bb16f8c010c5ed33d.shtml,2018
19800,,,,data\raw\public_agriculture_sources\jurong_local_agri_support\historical_data\jurong_statistics_2017.md,jurong_historical_statistics,True,,,6601c241de6f9cb1b48cc9ea0aea1add3b34dc766d9d8e66bcb6e25935eb0545,句容市统计局,data\raw\public_agriculture_sources\jurong_local_agri_support\source_pages\statistics_2017.html,句容市2017年国民经济和社会发展统计公报,https://www.jurong.gov.cn/jrtjj/tjgb/202008/0fcc1d6b191041d898d99769f59e2e84.shtml,2017
18230,,,,data\raw\public_agriculture_sources\jurong_local_agri_support\historical_data\jurong_statistics_2016.md,jurong_historical_statistics,True,,,99a9e84ea490f28231463ede12650ce5d441b353f38228fb549ed2c720e151cc,句容市统计局,data\raw\public_agriculture_sources\jurong_local_agri_support\source_pages\statistics_2016.html,句容市2016年国民经济和社会发展统计公报,https://www.jurong.gov.cn/jrtjj/tjgb/201705/d98c4999964243c7b46b4aa1a83302ae.shtml,2016
20574,,,,data\raw\public_agriculture_sources\jurong_local_agri_support\historical_data\jurong_statistics_2015.md,jurong_historical_statistics,True,,,b2462ec3c5b4a25dd563b014a89eb861362ade66424757150f4fc9bd9bf821a7,句容市统计局,data\raw\public_agriculture_sources\jurong_local_agri_support\source_pages\statistics_2015.html,句容市2015年国民经济和社会发展统计公报,https://www.jurong.gov.cn/jrtjj/tjgb/201605/415482cb6ca44354a807817c0ddc9a4d.shtml,2015
20816,,,,data\raw\public_agriculture_sources\jurong_local_agri_support\historical_data\jurong_statistics_2014.md,jurong_historical_statistics,True,,,5cbd17a5dd1ad041cad819c7f8739e2a7a54d35d32e2bf093f32fafece17899b,句容市统计局,data\raw\public_agriculture_sources\jurong_local_agri_support\source_pages\statistics_2014.html,句容市2014年国民经济和社会发展统计公报,https://www.jurong.gov.cn/jrtjj/tjgb/201505/ed6d6cfb031c44e4b39aa28e0171d9d4.shtml,2014
19985,,,,data\raw\public_agriculture_sources\jurong_local_agri_support\historical_data\jurong_statistics_2013.md,jurong_historical_statistics,True,,,24fe737716ef726eef19e5c177b90a71ed2e744b84ff2910ca1965a7a0e81126,句容市统计局,data\raw\public_agriculture_sources\jurong_local_agri_support\source_pages\statistics_2013.html,句容市2013年国民经济和社会发展统计公报,https://www.jurong.gov.cn/jrtjj/tjgb/201405/eca4793790aa48b19fad0c38d9fd5e66.shtml,2013
20620,,,,data\raw\public_agriculture_sources\jurong_local_agri_support\historical_data\jurong_statistics_2012.md,jurong_historical_statistics,True,,,645746a79551c4df94b9aba88d21eff0d19c05d4344eadf1ea80fb2322fc9bec,句容市统计局,data\raw\public_agriculture_sources\jurong_local_agri_support\source_pages\statistics_2012.html,句容市2012年国民经济和社会发展统计公报,https://www.jurong.gov.cn/jrtjj/tjgb/201304/12e5bf7f0b1d4dacbbc2348f4533b342.shtml,2012
4189,今日句容,2026-05-13 08:35,,data\raw\public_agriculture_sources\jurong_local_agri_support\reports\01_句容现代农业产业园通过_国考.md,jurong_local_agri_report,True,,325,ecbebf36bcd01d542db148d98a2d66ea98554398048d00573a72b7aab89306d8,市融媒体中心,data\raw\public_agriculture_sources\jurong_local_agri_support\source_pages\report_01_句容现代农业产业园通过_国考.html,句容现代农业产业园通过“国考”,https://www.jurong.gov.cn/jurong/jrjr/202605/29e1b216e8c14993959706ec0f449be3.shtml,
3032,今日句容,2025-11-12 09:01,,data\raw\public_agriculture_sources\jurong_local_agri_support\reports\02_国家现代农业产业园科创中心主体完工_预计11月中下旬投运.md,jurong_local_agri_report,True,,220,1fddba4b8252253ef424cc4a23aee68c282ea6f94b9406609678c581fdde0e32,市融媒体中心,data\raw\public_agriculture_sources\jurong_local_agri_support\source_pages\report_02_国家现代农业产业园科创中心主体完工_预计11月中下旬投运.html,国家现代农业产业园科创中心主体完工 预计11月中下旬投运,https://www.jurong.gov.cn/jurong/jrjr/202511/8f5cd0b89af34d77b4697674cb9080a2.shtml,
6130,乡镇动态,2026-01-21 08:41,,data\raw\public_agriculture_sources\jurong_local_agri_support\reports\03_茅山镇种植的葡萄和玉米接连在省内首次实现出口_小镇农产品蹚出_出海_新范式.md,jurong_local_agri_report,True,,217,e9ef4bf7904fa33699b6e71b8b44007f7846a227af190a8f9e9d3e39bf11f41e,市融媒体中心,data\raw\public_agriculture_sources\jurong_local_agri_support\source_pages\report_03_茅山镇种植的葡萄和玉米接连在省内首次实现出口_小镇农产品蹚出_出海_新范式.html,茅山镇种植的葡萄和玉米接连在省内首次实现出口 小镇农产品蹚出“出海”新范式,https://www.jurong.gov.cn/jurong/xzdt/202601/22654549f07042528cea87bd2250b633.shtml,
3072,今日句容,2026-04-09 09:03,,data\raw\public_agriculture_sources\jurong_local_agri_support\reports\04_吴庆文来句调研时强调_坚持创新驱动引领产业升级_做强特色产业赋能乡村振兴.md,jurong_local_agri_report,True,,195,efbc4f4e225665edd69cc22f30c0d5ec33d53d876f8ccfd9762648725bba1e41,市融媒体中心,data\raw\public_agriculture_sources\jurong_local_agri_support\source_pages\report_04_吴庆文来句调研时强调_坚持创新驱动引领产业升级_做强特色产业赋能乡村振兴.html,吴庆文来句调研时强调 坚持创新驱动引领产业升级 做强特色产业赋能乡村振兴,https://www.jurong.gov.cn/jurong/jrjr/202604/987e0c72bf984fde8308f6e53a289b51.shtml,
3824,乡镇动态,2024-05-01 15:17,,data\raw\public_agriculture_sources\jurong_local_agri_support\reports\05_绿叶_变_金叶_茶园成公园_茅山镇茶_业_绘就乡村振兴新画卷.md,jurong_local_agri_report,True,,182,96a6a0f93e58840126ab5a369da7329b7b32d426271fc83f2f3aebd050937dbb,句容市茅山镇,data\raw\public_agriculture_sources\jurong_local_agri_support\source_pages\report_05_绿叶_变_金叶_茶园成公园_茅山镇茶_业_绘就乡村振兴新画卷.html,“绿叶”变“金叶” 茶园成公园 茅山镇茶“业”绘就乡村振兴新画卷,https://www.jurong.gov.cn/jurong/xzdt/202407/c81e3c941839404b848d85f9a8c852f3.shtml,
3577,今日句容,2026-05-15 08:45,,data\raw\public_agriculture_sources\jurong_local_agri_support\reports\06_茅山镇茶_业_激活乡村振兴新引擎.md,jurong_local_agri_report,True,,181,d7ce1c3c71cfb7fb57ab596a4d61496ce2c215f9c2d3c2882bc8e5a139b76d99,市融媒体中心,data\raw\public_agriculture_sources\jurong_local_agri_support\source_pages\report_06_茅山镇茶_业_激活乡村振兴新引擎.html,茅山镇茶“业”激活乡村振兴新引擎,https://www.jurong.gov.cn/jurong/jrjr/202605/4338e1ede0df4b0ca00ec9015f2925ff.shtml,
4723,乡镇动态,2024-11-27 10:44,,data\raw\public_agriculture_sources\jurong_local_agri_support\reports\07_江苏句容华阳街道_三驾马车_驰骋乡村振兴路.md,jurong_local_agri_report,True,,179,5639509640c9769541d7446267e714c9a3aaaa2e9ea4eaac370f769741e17b15,句容市华阳街道办事处,data\raw\public_agriculture_sources\jurong_local_agri_support\source_pages\report_07_江苏句容华阳街道_三驾马车_驰骋乡村振兴路.html,江苏句容华阳街道：“三驾马车”驰骋乡村振兴路,https://www.jurong.gov.cn/jurong/xzdt/202412/e286fe8a45624634b588285b4311ac4e.shtml,
3591,今日句容,2024-12-11 09:03,,data\raw\public_agriculture_sources\jurong_local_agri_support\reports\08_赵亚夫_以_戴庄经验_描绘共同富裕新画卷.md,jurong_local_agri_report,True,,170,74e135306c8ce1b45ebd827ec706e028f5b96e25363e8619be84fa32aaaa6442,市融媒体中心,data\raw\public_agriculture_sources\jurong_local_agri_support\source_pages\report_08_赵亚夫_以_戴庄经验_描绘共同富裕新画卷.html,赵亚夫：以“戴庄经验”描绘共同富裕新画卷,https://www.jurong.gov.cn/jurong/jrjr/202412/fc3cf7a19fd34602874f779afbe1d831.shtml,
4139,乡镇动态,2024-12-04 10:48,,data\raw\public_agriculture_sources\jurong_local_agri_support\reports\09_华阳街道_党建赋能福桃产业_映红_乡村振兴底色.md,jurong_local_agri_report,True,,162,f00aa3cdf81b32a9cb7a336ff10d86444375132d15a7eaeb3635a14e0ead10b0,句容市华阳街道办事处,data\raw\public_agriculture_sources\jurong_local_agri_support\source_pages\report_09_华阳街道_党建赋能福桃产业_映红_乡村振兴底色.html,华阳街道：党建赋能福桃产业 “映红”乡村振兴底色,https://www.jurong.gov.cn/jurong/xzdt/202412/6619a9e617a3423aa52d67a4c8ad20b7.shtml,
2623,今日句容,2025-04-03 09:03,,data\raw\public_agriculture_sources\jurong_local_agri_support\reports\10_高水平建设农业强市_我市获评全省推进乡村全面振兴争先进位县.md,jurong_local_agri_report,True,,160,ac4c82eb94601fa7c0eb5441ccf123c4891cb5502c76bab92e12c1e53ade3795,市融媒体中心,data\raw\public_agriculture_sources\jurong_local_agri_support\source_pages\report_10_高水平建设农业强市_我市获评全省推进乡村全面振兴争先进位县.html,高水平建设农业强市 我市获评全省推进乡村全面振兴争先进位县,https://www.jurong.gov.cn/jurong/jrjr/202504/a50ab6aa9d774d4a96208c49e4bd7669.shtml,
3015,今日句容,2026-04-23 08:42,,data\raw\public_agriculture_sources\jurong_local_agri_support\reports\11_农旅融合绘新景_三产联动促增收_土山土水走出乡村振兴特色路.md,jurong_local_agri_report,True,,159,e8fbd6b0eca0947580846b46b245e85e1673a5caeee3d8e7229d0e4bb4f5b324,市融媒体中心,data\raw\public_agriculture_sources\jurong_local_agri_support\source_pages\report_11_农旅融合绘新景_三产联动促增收_土山土水走出乡村振兴特色路.html,农旅融合绘新景 三产联动促增收 土山土水走出乡村振兴特色路,https://www.jurong.gov.cn/jurong/jrjr/202604/d041ddc6d3574b7ca085293bb5ed898a.shtml,
3995,乡镇动态,2025-10-13 09:04,,data\raw\public_agriculture_sources\jurong_local_agri_support\reports\12_三链融合_赋能乡村振兴_天王绘就_党建强_产业兴_农民富_新画卷.md,jurong_local_agri_report,True,,157,21b02ad7a276092f37f8a7185622e2cada68d299e1ab3f3065761919a734e93d,市融媒体中心,data\raw\public_agriculture_sources\jurong_local_agri_support\source_pages\report_12_三链融合_赋能乡村振兴_天王绘就_党建强_产业兴_农民富_新画卷.html,“三链融合”赋能乡村振兴 天王绘就“党建强、产业兴、农民富”新画卷,https://www.jurong.gov.cn/jurong/xzdt/202510/bf50961ad06e44e5a961d9f7b73fc47f.shtml,
2976,今日句容,2025-01-15 08:41,,data\raw\public_agriculture_sources\jurong_local_agri_support\reports\13_一棚多用_四季_结果_葡萄园立体种养蹚出增收路.md,jurong_local_agri_report,True,,147,a6f73c0172cadbe4a54c308612263a4cbe166b5ef347e12c4b78230c53b12b87,市融媒体中心,data\raw\public_agriculture_sources\jurong_local_agri_support\source_pages\report_13_一棚多用_四季_结果_葡萄园立体种养蹚出增收路.html,一棚多用 四季“结果” 葡萄园立体种养蹚出增收路,https://www.jurong.gov.cn/jurong/jrjr/202501/fc3dd736da6b4648b4034805a641c4ae.shtml,
3554,今日句容,2025-07-11 08:51,,data\raw\public_agriculture_sources\jurong_local_agri_support\reports\14_赵亚夫当_红娘_戴庄蔡门_牵手_秸秆粪肥互换建强生态循环共富链.md,jurong_local_agri_report,True,,145,4945c64d5cf763d5ca3d32b85693e2f8f0818c9c1dbfb7689f747f6b1e3750ee,市融媒体中心,data\raw\public_agriculture_sources\jurong_local_agri_support\source_pages\report_14_赵亚夫当_红娘_戴庄蔡门_牵手_秸秆粪肥互换建强生态循环共富链.html,赵亚夫当“红娘” 戴庄蔡门“牵手” 秸秆粪肥互换建强生态循环共富链,https://www.jurong.gov.cn/jurong/jrjr/202507/54e04faf9aca4c1a8bc4b53fb16d2871.shtml,
5089,今日句容,2025-01-20 09:18,,data\raw\public_agriculture_sources\jurong_local_agri_support\reports\15_深化技术创新_驱动产业兴旺_科技小院擦亮丁庄葡萄名片.md,jurong_local_agri_report,True,,144,69930e34337dcd3850a139254e24cca92b4d267c6086e9ac17ad011c6ac757f2,市融媒体中心,data\raw\public_agriculture_sources\jurong_local_agri_support\source_pages\report_15_深化技术创新_驱动产业兴旺_科技小院擦亮丁庄葡萄名片.html,深化技术创新 驱动产业兴旺 科技小院擦亮丁庄葡萄名片,https://www.jurong.gov.cn/jurong/jrjr/202501/48e005f35fa44c7b91bc770af282abb2.shtml,
5883,今日句容,2025-09-08 09:04,,data\raw\public_agriculture_sources\jurong_local_agri_support\reports\16_建设技术示范点_推广_因果培肥_葡萄架下草茵茵_节本增效甜到心.md,jurong_local_agri_report,True,,140,2f64230523cef17b3be666dfb1fd26cb032c5e3c7b7fcb78d6d7f04abac445c8,市融媒体中心,data\raw\public_agriculture_sources\jurong_local_agri_support\source_pages\report_16_建设技术示范点_推广_因果培肥_葡萄架下草茵茵_节本增效甜到心.html,建设技术示范点，推广“因果培肥”—— 葡萄架下草茵茵，节本增效甜到心,https://www.jurong.gov.cn/jurong/jrjr/202509/c12b4ec64f904ea2b4cc20ba41fef650.shtml,
3146,今日句容,2025-04-25 08:35,,data\raw\public_agriculture_sources\jurong_local_agri_support\reports\17_马明龙调研推进东霞村富民强村帮促工作时强调_因地制宜_做优做特_促进农业增产农村增美农民增收.md,jurong_local_agri_report,True,,138,0358765e65230c91a99fa5d874f8bcc43a2615cc1c69d74463298973be3baa96,市融媒体中心,data\raw\public_agriculture_sources\jurong_local_agri_support\source_pages\report_17_马明龙调研推进东霞村富民强村帮促工作时强调_因地制宜_做优做特_促进农业增产农村增美农民增收.html,马明龙调研推进东霞村富民强村帮促工作时强调 因地制宜 做优做特 促进农业增产农村增美农民增收,https://www.jurong.gov.cn/jurong/jrjr/202504/fc95198dd93042709d06fb98c3faee4f.shtml,
1742,部门动态,2024-09-18 14:44,,data\raw\public_agriculture_sources\jurong_local_agri_support\reports\18_我局联合派驻纪检监察组现场查勘农业保险受灾情况.md,jurong_local_agri_report,True,,138,d18dc661f0d46cec883aaf7e3742a7f372b5b34c1a2390790d56cf45d70fe5b7,句容市农业农村局,data\raw\public_agriculture_sources\jurong_local_agri_support\source_pages\report_18_我局联合派驻纪检监察组现场查勘农业保险受灾情况.html,我局联合派驻纪检监察组现场查勘农业保险受灾情况,https://www.jurong.gov.cn/jurong/bmdt/202409/27b55d780ca94f9eac613e52c1c36698.shtml,
4647,今日句容,2025-08-27 10:23,,data\raw\public_agriculture_sources\jurong_local_agri_support\reports\19_葡萄藤下_三扇门.md,jurong_local_agri_report,True,,134,416a490367bf8f416e8d56dda13c57efb336e21c28383a51e27d7648a3b0f7af,市融媒体中心,data\raw\public_agriculture_sources\jurong_local_agri_support\source_pages\report_19_葡萄藤下_三扇门.html,葡萄藤下“三扇门”,https://www.jurong.gov.cn/jurong/jrjr/202508/22123f2b0db3402daa2c3e9c4a9e1d90.shtml,
4119,今日句容,2025-09-19 09:10,,data\raw\public_agriculture_sources\jurong_local_agri_support\reports\20_从农业_出圈_到产业_智变_我市以科技创新驱动高质量发展.md,jurong_local_agri_report,True,,132,28aa25d39628c0771226e6db5ab11340c04184257b169b51a56c72371f4e51ff,市融媒体中心,data\raw\public_agriculture_sources\jurong_local_agri_support\source_pages\report_20_从农业_出圈_到产业_智变_我市以科技创新驱动高质量发展.html,从农业“出圈”到产业“智变” 我市以科技创新驱动高质量发展,https://www.jurong.gov.cn/jurong/jrjr/202509/cd9a1c6c2c174c498cfc385ff6356dfb.shtml,
2770,乡镇动态,2024-09-25 09:39,,data\raw\public_agriculture_sources\jurong_local_agri_support\reports\21_华阳福桃产业再添新引擎.md,jurong_local_agri_report,True,,131,43725673150811589e93ec8920e5a896f9c5f66dc88a4f9d48f690e99f46f035,句容市华阳街道办事处,data\raw\public_agriculture_sources\jurong_local_agri_support\source_pages\report_21_华阳福桃产业再添新引擎.html,华阳福桃产业再添新引擎,https://www.jurong.gov.cn/jurong/xzdt/202409/ad51975b6a0447838e2191e4ad7c6fac.shtml,
2322,今日句容,2025-09-02 09:04,,data\raw\public_agriculture_sources\jurong_local_agri_support\reports\22_赵亚夫支招到田头_因地制宜发展生物多样性农业.md,jurong_local_agri_report,True,,129,08dbf20fe949fc7b0abc2b92073c84de9c13003cdf044b17fcb58b6b15b9327f,市融媒体中心,data\raw\public_agriculture_sources\jurong_local_agri_support\source_pages\report_22_赵亚夫支招到田头_因地制宜发展生物多样性农业.html,赵亚夫支招到田头 因地制宜发展生物多样性农业,https://www.jurong.gov.cn/jurong/jrjr/202509/e2de7b0cc93d47ecbc74adcc3f961b45.shtml,
2908,乡镇动态,2024-07-31 08:46,,data\raw\public_agriculture_sources\jurong_local_agri_support\reports\23_边城镇_党建引领共富路_架起农户_致富桥.md,jurong_local_agri_report,True,,128,a8eea97fede81c079926edba37949719b4e6bd1a06db79aac71bd5157597c252,句容市边城镇,data\raw\public_agriculture_sources\jurong_local_agri_support\source_pages\report_23_边城镇_党建引领共富路_架起农户_致富桥.html,边城镇：党建引领共富路，架起农户“致富桥”,https://www.jurong.gov.cn/jurong/xzdt/202407/75b528d7b61744598772cf3eaf59d222.shtml,
2752,今日句容,2025-08-18 09:15,,data\raw\public_agriculture_sources\jurong_local_agri_support\reports\24_专家齐聚共话产业高质量发展_第九届丁庄葡萄品种研讨与品鉴会举行.md,jurong_local_agri_report,True,,125,8748b388ef857ddebcffae6efc4238ef409b66d3e010a72c1c55a54abcf1b0ce,市,data\raw\public_agriculture_sources\jurong_local_agri_support\source_pages\report_24_专家齐聚共话产业高质量发展_第九届丁庄葡萄品种研讨与品鉴会举行.html,专家齐聚共话产业高质量发展 第九届丁庄葡萄品种研讨与品鉴会举行,https://www.jurong.gov.cn/jurong/jrjr/202508/937ebc5319d34923b3270580bfd6bd6d.shtml,
5947,乡镇动态,2024-08-14 15:47,,data\raw\public_agriculture_sources\jurong_local_agri_support\reports\25_沃野风采_杨德亮_桃二代_接力探索共同富裕的甜蜜密码.md,jurong_local_agri_report,True,,125,b58aa3f6cb775bfb7c587855963ef089389fb100e8f657058039956501b824d6,句容市华阳街道办事处,data\raw\public_agriculture_sources\jurong_local_agri_support\source_pages\report_25_沃野风采_杨德亮_桃二代_接力探索共同富裕的甜蜜密码.html,沃野风采  杨德亮:“桃二代”接力探索共同富裕的甜蜜密码,https://www.jurong.gov.cn/jurong/xzdt/202408/6427733cd54349118c4e815c66eb07fc.shtml,
2351,今日句容,2025-09-15 08:33,,data\raw\public_agriculture_sources\jurong_local_agri_support\reports\26_1200株草莓苗免费种到蒲城_句蒲携手共创_莓_好未来.md,jurong_local_agri_report,True,,124,d63b4e69754023fad2706c554ef197f42c00bcba98a8f5f9d8efe42ec5c082b2,市融媒体中心,data\raw\public_agriculture_sources\jurong_local_agri_support\source_pages\report_26_1200株草莓苗免费种到蒲城_句蒲携手共创_莓_好未来.html,1200株草莓苗免费种到蒲城 句蒲携手共创“莓”好未来,https://www.jurong.gov.cn/jurong/jrjr/202509/12f75f104f8342c5bd7879ff287b17ff.shtml,
3958,今日句容,2025-09-01 08:40,,data\raw\public_agriculture_sources\jurong_local_agri_support\reports\27_升级的甜蜜正奔向千家万户_丁庄葡萄智慧链护航鲜甜直达.md,jurong_local_agri_report,True,,123,50d246cd88f07b28758dd6d251f4ab4f318d8f2792c12ab0c68884e86dc90cd6,市融媒体中心,data\raw\public_agriculture_sources\jurong_local_agri_support\source_pages\report_27_升级的甜蜜正奔向千家万户_丁庄葡萄智慧链护航鲜甜直达.html,升级的甜蜜正奔向千家万户 丁庄葡萄智慧链护航鲜甜直达,https://www.jurong.gov.cn/jurong/jrjr/202509/db837818387b426697edbb213990b90f.shtml,
3308,今日句容,2024-12-30 08:34,,data\raw\public_agriculture_sources\jurong_local_agri_support\reports\28_许昆林在镇江调研基层党建联系点时强调_统筹推进新型城镇化和乡村全面振兴_让农业基础更稳固农村地区更繁荣农民生.md,jurong_local_agri_report,True,,119,9abb01adbe3d9fb38249b33f1ec7bf9eb07ad7aeee3104a5f8c5b44e58324cfd,市融媒体中心,data\raw\public_agriculture_sources\jurong_local_agri_support\source_pages\report_28_许昆林在镇江调研基层党建联系点时强调_统筹推进新型城镇化和乡村全面振兴_让农业基础更稳固农村地区更繁荣农民生.html,许昆林在镇江调研基层党建联系点时强调 统筹推进新型城镇化和乡村全面振兴 让农业基础更稳固农村地区更繁荣农民生活更红火,https://www.jurong.gov.cn/jurong/jrjr/202412/fdadff43900b47b6a48dec3c53b992c9.shtml,
2169,今日句容,2025-05-14 08:55,,data\raw\public_agriculture_sources\jurong_local_agri_support\reports\29_周必松调研推进富民强村工作.md,jurong_local_agri_report,True,,115,427bc49546e8327d14bffca45815f58e6bb90c2f23088e1b26fe6e41b4cf5089,市融媒体中心,data\raw\public_agriculture_sources\jurong_local_agri_support\source_pages\report_29_周必松调研推进富民强村工作.html,周必松调研推进富民强村工作,https://www.jurong.gov.cn/jurong/jrjr/202505/524b628367d448f380df41f094f8d2bb.shtml,
1468,部门动态,2024-09-11 10:12,,data\raw\public_agriculture_sources\jurong_local_agri_support\reports\30_开展葡萄抽检_保障消费安全.md,jurong_local_agri_report,True,,115,366d5b6fdba0f53cdf545c9b570ec7bef3f5a572b919cd418dc33ed73c97320b,句容市农业农村局,data\raw\public_agriculture_sources\jurong_local_agri_support\source_pages\report_30_开展葡萄抽检_保障消费安全.html,开展葡萄抽检 保障消费安全,https://www.jurong.gov.cn/jurong/bmdt/202409/823cd929f93e4691968324aa59124a74.shtml,
11638,部门动态,2025-12-26 09:17,,data\raw\public_agriculture_sources\jurong_local_agri_support\reports\31_句容市农业农村局2025年度法治_政府_建设工作报告.md,jurong_local_agri_report,True,,113,cca3dc129ea7b44078caeae60bb355ccc9c2da6f5efa94c83b99095c87b0f67f,句容市农业农村局,data\raw\public_agriculture_sources\jurong_local_agri_support\source_pages\report_31_句容市农业农村局2025年度法治_政府_建设工作报告.html,句容市农业农村局2025年度法治（政府）建设工作报告,https://www.jurong.gov.cn/jurong/bmdt/202512/a95bf273a57f43b9892ed57d25ccbea3.shtml,
5018,今日句容,2025-02-24 08:31,,data\raw\public_agriculture_sources\jurong_local_agri_support\reports\32_智慧农机_马力_足_农技专家服务优_田间地头绘就欣欣向荣_春耕图.md,jurong_local_agri_report,True,,112,3f70153ee70fcb2ad0c37e3a2a0ad346283b2586e71492dfea1973717bc77b36,市融媒体中心,data\raw\public_agriculture_sources\jurong_local_agri_support\source_pages\report_32_智慧农机_马力_足_农技专家服务优_田间地头绘就欣欣向荣_春耕图.html,智慧农机“马力”足 农技专家服务优 田间地头绘就欣欣向荣“春耕图”,https://www.jurong.gov.cn/jurong/jrjr/202502/e913235d8cc24c39a6ad1996484264f0.shtml,
1189,部门动态,2024-08-16 11:31,,data\raw\public_agriculture_sources\jurong_local_agri_support\reports\33_蒲城种植户来我市交流学习.md,jurong_local_agri_report,True,,112,e215dbd7d011c1b91df2143ae6f5ee4b6c16f735f3244f566c90f45f9ffb0ca2,句容市农业农村局,data\raw\public_agriculture_sources\jurong_local_agri_support\source_pages\report_33_蒲城种植户来我市交流学习.html,蒲城种植户来我市交流学习,https://www.jurong.gov.cn/jurong/bmdt/202408/d8ece47a4655401180057238993b039b.shtml,
5621,部门动态,2025-08-28 08:32,,data\raw\public_agriculture_sources\jurong_local_agri_support\reports\34_全面打好水稻穗期病虫防治第一仗.md,jurong_local_agri_report,True,,111,873f043262b04b51eabfe0bb58fa6dad1f26a57a95da411ab5a64784fd26e2a5,句容市农业农村局,data\raw\public_agriculture_sources\jurong_local_agri_support\source_pages\report_34_全面打好水稻穗期病虫防治第一仗.html,全面打好水稻穗期病虫防治第一仗,https://www.jurong.gov.cn/jurong/bmdt/202508/648b971626b549c08c72da592f85f205.shtml,
2021,今日句容,2024-08-23 08:45,,data\raw\public_agriculture_sources\jurong_local_agri_support\reports\35_束克之调研农文旅融合发展工作.md,jurong_local_agri_report,True,,109,e50847366b2b7eb09cd0c62880aa6c42975a9d525c087dcc89b1cddc71463846,市融媒体中心,data\raw\public_agriculture_sources\jurong_local_agri_support\source_pages\report_35_束克之调研农文旅融合发展工作.html,束克之调研农文旅融合发展工作,https://www.jurong.gov.cn/jurong/jrjr/202408/be75d9fb38d34b46be88b31b1c475ea9.shtml,
3643,今日句容,2025-11-27 08:42,,data\raw\public_agriculture_sources\jurong_local_agri_support\reports\36_5000亩白兔草莓迎花果期_专家下田为优质丰产保驾护航.md,jurong_local_agri_report,True,,107,42a1eceb75405b7c2e8cd0b3f1c9be1ce956a4b373c352b249eb03f9c87148f6,市融媒体中心,data\raw\public_agriculture_sources\jurong_local_agri_support\source_pages\report_36_5000亩白兔草莓迎花果期_专家下田为优质丰产保驾护航.html,5000亩白兔草莓迎花果期 专家下田为优质丰产保驾护航,https://www.jurong.gov.cn/jurong/jrjr/202511/82023951e5e547c7b9d5b6c927a4ac9f.shtml,
1270,乡镇动态,2024-12-13 16:49,,data\raw\public_agriculture_sources\jurong_local_agri_support\reports\37_党建引领丨茅山镇与南京农业大学园艺学院校地共建.md,jurong_local_agri_report,True,,107,fd15925f7080dcb48484474e89661f2c3fd452dd69437a0ce8aedfcb9cc46788,句容市茅山镇,data\raw\public_agriculture_sources\jurong_local_agri_support\source_pages\report_37_党建引领丨茅山镇与南京农业大学园艺学院校地共建.html,党建引领丨茅山镇与南京农业大学园艺学院校地共建,https://www.jurong.gov.cn/jurong/xzdt/202501/d9ffcca74db0462397963411fe74043a.shtml,
1791,今日句容,2026-05-14 08:57,,data\raw\public_agriculture_sources\jurong_local_agri_support\reports\38_2026长江经济带斗茶会落幕.md,jurong_local_agri_report,True,,105,2ff8090339cf7642c609989377222568964ca3f3e82e00a630528a2a12e55452,市融媒体中心,data\raw\public_agriculture_sources\jurong_local_agri_support\source_pages\report_38_2026长江经济带斗茶会落幕.html,2026长江经济带斗茶会落幕,https://www.jurong.gov.cn/jurong/jrjr/202605/e808ac13f4ad4e29b7189897e1f17901.shtml,
7361,部门动态,2025-12-02 09:08,,data\raw\public_agriculture_sources\jurong_local_agri_support\reports\39_一线风采_天王服务站_服务护航_让中草药种植项目落地生根.md,jurong_local_agri_report,True,,104,2c4696fa350da8c96d13bd6a319ced00d882563eca6494d7b0e9714a166b7657,句容市自然资源和规划局,data\raw\public_agriculture_sources\jurong_local_agri_support\source_pages\report_39_一线风采_天王服务站_服务护航_让中草药种植项目落地生根.html,一线风采 | 天王服务站：服务护航，让中草药种植项目落地生根,https://www.jurong.gov.cn/jurong/bmdt/202512/93990120c3234b3eb38e6320cf342729.shtml,
1428,今日句容,2025-07-03 09:10,,data\raw\public_agriculture_sources\jurong_local_agri_support\reports\40_镇江人大来句调研农业农村工作.md,jurong_local_agri_report,True,,103,41fbc51988dafa0bf551321fb480ef6c3deeadf6f42aa79a2e3b6deec7a52e1c,市融媒体中心,data\raw\public_agriculture_sources\jurong_local_agri_support\source_pages\report_40_镇江人大来句调研农业农村工作.html,镇江人大来句调研农业农村工作,https://www.jurong.gov.cn/jurong/jrjr/202507/140f4560109d4469aaf26e4525d32679.shtml,
2983,今日句容,2026-03-13 09:06,,data\raw\public_agriculture_sources\jurong_local_agri_support\reports\41_技防物防齐发力_农机农技双护航_农业部门多措并举护航春耕备耕.md,jurong_local_agri_report,True,,102,ceb99f13a73b9d34ccca4f790b7d6755a22a2d60dff3d3d69055d7a4e677355d,市融媒体中心,data\raw\public_agriculture_sources\jurong_local_agri_support\source_pages\report_41_技防物防齐发力_农机农技双护航_农业部门多措并举护航春耕备耕.html,技防物防齐发力 农机农技双护航 农业部门多措并举护航春耕备耕,https://www.jurong.gov.cn/jurong/jrjr/202603/5a7ec08f9e0c49c2823f76c452918ac8.shtml,
1921,今日句容,2025-10-09 08:35,,data\raw\public_agriculture_sources\jurong_local_agri_support\reports\42_第二届句容_茅山长青杯_制茶大赛举行.md,jurong_local_agri_report,True,,102,909e91e15b66294d95eea355a45f01feaa9171e3035749c5aafeefb689c0b672,市融媒体中心,data\raw\public_agriculture_sources\jurong_local_agri_support\source_pages\report_42_第二届句容_茅山长青杯_制茶大赛举行.html,第二届句容“茅山长青杯”制茶大赛举行,https://www.jurong.gov.cn/jurong/jrjr/202510/015e05bd155340548b81f1c87bb53b87.shtml,
2332,今日句容,2025-07-29 08:33,,data\raw\public_agriculture_sources\jurong_local_agri_support\reports\43_550盒丁庄葡萄首抵盒马.md,jurong_local_agri_report,True,,100,14fd71c215c29d94865fc79275a75bbc67ca1c10bc3b4c634ec171bcbf175bc5,市融媒体中心,data\raw\public_agriculture_sources\jurong_local_agri_support\source_pages\report_43_550盒丁庄葡萄首抵盒马.html,550盒丁庄葡萄首抵盒马,https://www.jurong.gov.cn/jurong/jrjr/202507/82fc3ab738204bacad315f001ae25576.shtml,
4152,部门动态,2024-06-21 16:50,,data\raw\public_agriculture_sources\jurong_local_agri_support\reports\44_句容人社_打造人才_引擎_赋能乡村振兴.md,jurong_local_agri_report,True,,99,fbeeb0d5b87564bfb867728b2424b2fe667e8779d0466607a59d433ac2ab9785,句容市人力资源和社会保障局,data\raw\public_agriculture_sources\jurong_local_agri_support\source_pages\report_44_句容人社_打造人才_引擎_赋能乡村振兴.html,句容人社：打造人才“引擎” 赋能乡村振兴,https://www.jurong.gov.cn/jurong/bmdt/202406/d9326c46f78e4cf3bb45d5e94184361a.shtml,
5768,部门动态,2024-08-16 14:54,,data\raw\public_agriculture_sources\jurong_local_agri_support\reports\45_水稻病虫害第二次总体防治技术意见.md,jurong_local_agri_report,True,,98,6e9e7c8a8e618f88ad49ce5809c6ba8a83c2f3aeeaa6169d10e7fde9c13b1035,句容市农业农村局,data\raw\public_agriculture_sources\jurong_local_agri_support\source_pages\report_45_水稻病虫害第二次总体防治技术意见.html,水稻病虫害第二次总体防治技术意见,https://www.jurong.gov.cn/jurong/bmdt/202408/171b6926ee9043f19f3c13938bb43932.shtml,
2252,今日句容,2025-10-28 08:40,,data\raw\public_agriculture_sources\jurong_local_agri_support\reports\46_戴庄再生稻迎丰收.md,jurong_local_agri_report,True,,96,9dea4a65e53b6f6296619ea32da7880203db1b23e67a5de39eb533f871e1f117,市融媒体中心,data\raw\public_agriculture_sources\jurong_local_agri_support\source_pages\report_46_戴庄再生稻迎丰收.html,戴庄再生稻迎丰收,https://www.jurong.gov.cn/jurong/jrjr/202510/4083be7f9e7a4e039c50e1dec97de522.shtml,
3707,部门动态,2024-08-12 09:30,,data\raw\public_agriculture_sources\jurong_local_agri_support\reports\47_整治水产品质量安全_他们在行动.md,jurong_local_agri_report,True,,95,4e7d7682475994b2cdaf2caab65113340c7bc96097bf6fa8473897d4af03b076,句容市农业农村局,data\raw\public_agriculture_sources\jurong_local_agri_support\source_pages\report_47_整治水产品质量安全_他们在行动.html,整治水产品质量安全，他们在行动！,https://www.jurong.gov.cn/jurong/bmdt/202408/33e92cf60f2b4b698341b082183011d6.shtml,
2718,乡镇动态,2024-11-13 09:52,,data\raw\public_agriculture_sources\jurong_local_agri_support\reports\48_长技能_促提升_绽芳华丨白兔镇开展妇女能力提升培训活动.md,jurong_local_agri_report,True,,94,71e3c5e81cb025da1cb23438858551df229b393e876cd0fe2efbf86203e3d97c,句容市白兔镇,data\raw\public_agriculture_sources\jurong_local_agri_support\source_pages\report_48_长技能_促提升_绽芳华丨白兔镇开展妇女能力提升培训活动.html,长技能 促提升 绽芳华丨白兔镇开展妇女能力提升培训活动,https://www.jurong.gov.cn/jurong/xzdt/202411/2c16a1f042e7432aa422fef00c467cd8.shtml,
1687,今日句容,2025-03-19 09:03,,data\raw\public_agriculture_sources\jurong_local_agri_support\reports\49_省农业农村厅来句调研.md,jurong_local_agri_report,True,,92,144e5f4f9aede5f2cee3596f9f43690a5ecb9e6bf5f791db73fca17ceadfc9f8,市融媒体中心,data\raw\public_agriculture_sources\jurong_local_agri_support\source_pages\report_49_省农业农村厅来句调研.html,省农业农村厅来句调研,https://www.jurong.gov.cn/jurong/jrjr/202503/adb90f7ca7524543b298f7f472407c88.shtml,
4001,部门动态,2024-12-02 10:17,,data\raw\public_agriculture_sources\jurong_local_agri_support\reports\50_市农业农村局组织召开全市高标准农田调查摸底上图入库评审会.md,jurong_local_agri_report,True,,91,e449ac81477367dfc687019f836ca7939601940ecd8322350a37c0c75602dd1b,句容市农业农村局,data\raw\public_agriculture_sources\jurong_local_agri_support\source_pages\report_50_市农业农村局组织召开全市高标准农田调查摸底上图入库评审会.html,市农业农村局组织召开全市高标准农田调查摸底上图入库评审会,https://www.jurong.gov.cn/jurong/bmdt/202412/94bad67196914fa58f170eb9b9cbcbaf.shtml,
1864,乡镇动态,2026-01-21 08:43,,data\raw\public_agriculture_sources\jurong_local_agri_support\reports\51_科技Buff叠满_白兔草莓御寒稳丰收.md,jurong_local_agri_report,True,,90,0b0c5835dc913ff0fb1244d1f9054f3f2c462003ef244e7bf09ddcb292ba6839,市融媒体中心,data\raw\public_agriculture_sources\jurong_local_agri_support\source_pages\report_51_科技Buff叠满_白兔草莓御寒稳丰收.html,科技Buff叠满 白兔草莓御寒稳丰收,https://www.jurong.gov.cn/jurong/xzdt/202601/7aebe90470a147d29125b354655b7eb1.shtml,
1694,今日句容,2024-05-23 09:12,,data\raw\public_agriculture_sources\jurong_local_agri_support\reports\52_周必松调研抓党建促乡村振兴工作.md,jurong_local_agri_report,True,,90,61d6a97cc447fa77769c36fd92e02c797fd279f8f220fca50014e3cc6fb3eaec,市融媒体中心,data\raw\public_agriculture_sources\jurong_local_agri_support\source_pages\report_52_周必松调研抓党建促乡村振兴工作.html,周必松调研抓党建促乡村振兴工作,https://www.jurong.gov.cn/jurong/jrjr/202405/868f4b3d18474c768c2da14725069d47.shtml,
1556,部门动态,2025-07-31 08:47,,data\raw\public_agriculture_sources\jurong_local_agri_support\reports\53_市农业技术推广中心开展水稻病虫害调查.md,jurong_local_agri_report,True,,89,f715371f95db467cdc25f55f7884dac1bcd2095b057a34f5373e8e7001f301a9,句容市农业农村局,data\raw\public_agriculture_sources\jurong_local_agri_support\source_pages\report_53_市农业技术推广中心开展水稻病虫害调查.html,市农业技术推广中心开展水稻病虫害调查,https://www.jurong.gov.cn/jurong/bmdt/202507/4616705f7dc9417dbb2336f4049e81a4.shtml,
1388,今日句容,2024-12-31 08:38,,data\raw\public_agriculture_sources\jurong_local_agri_support\reports\54_江苏_句容_草莓产业推介活动举行.md,jurong_local_agri_report,True,,89,f1819cf60aef9bc988f2342ae5ddb798e9f4d379a82ddc31b68766e294674b7e,市融媒体中心,data\raw\public_agriculture_sources\jurong_local_agri_support\source_pages\report_54_江苏_句容_草莓产业推介活动举行.html,江苏（句容）草莓产业推介活动举行,https://www.jurong.gov.cn/jurong/jrjr/202412/ea2c800ef2654fef95d7cdb46514ec28.shtml,
2017,今日句容,2025-10-22 09:00,,data\raw\public_agriculture_sources\jurong_local_agri_support\reports\55_农产品区域公用品牌创建工作专题会议召开_周必松主持.md,jurong_local_agri_report,True,,87,8f86eeba43b4ae1c3bc32a99a9e7a8f4338e41fdfa2fcb13ac2cc0c04f690bd8,市融媒体中心,data\raw\public_agriculture_sources\jurong_local_agri_support\source_pages\report_55_农产品区域公用品牌创建工作专题会议召开_周必松主持.html,农产品区域公用品牌创建工作专题会议召开 周必松主持,https://www.jurong.gov.cn/jurong/jrjr/202510/1d6ba4d261f34735bdc169e64e5df785.shtml,
2801,今日句容,2024-06-05 08:46,,data\raw\public_agriculture_sources\jurong_local_agri_support\reports\56_马明龙检查防汛抗旱和夏收夏种工作时强调_坚决筑牢抵御水旱灾害坚固防线_不误农时有序推进保障粮食安全.md,jurong_local_agri_report,True,,86,f59f92a47e15269fe69408cbcc22dc8737ba1e5d8d2ad2da1403185722201d38,市融媒体中心,data\raw\public_agriculture_sources\jurong_local_agri_support\source_pages\report_56_马明龙检查防汛抗旱和夏收夏种工作时强调_坚决筑牢抵御水旱灾害坚固防线_不误农时有序推进保障粮食安全.html,马明龙检查防汛抗旱和夏收夏种工作时强调 坚决筑牢抵御水旱灾害坚固防线 不误农时有序推进保障粮食安全,https://www.jurong.gov.cn/jurong/jrjr/202406/ee120af99eb545a2939372f1a41c0b29.shtml,
2437,部门动态,2025-04-24 14:22,,data\raw\public_agriculture_sources\jurong_local_agri_support\reports\57_句容市高标准农田调查摸底上图入库外业采集工作正式启动.md,jurong_local_agri_report,True,,84,17d4d31db3fb6c1f09d2f8ae0930ada8bc1eba8b003a3cd6169e58af3f38b538,句容市农业农村局,data\raw\public_agriculture_sources\jurong_local_agri_support\source_pages\report_57_句容市高标准农田调查摸底上图入库外业采集工作正式启动.html,句容市高标准农田调查摸底上图入库外业采集工作正式启动,https://www.jurong.gov.cn/jurong/bmdt/202504/2fdf122c53bd4b89aaeb8b9dd3e984b1.shtml,
1509,乡镇动态,2024-04-29 10:18,,data\raw\public_agriculture_sources\jurong_local_agri_support\reports\58_喜报_边城镇人民政府荣获镇江市_乡村振兴先进集体_称号.md,jurong_local_agri_report,True,,83,afbfb47cef6585e6068af1024fb5b29b4841e6086116321126cc7a492a7de33c,句容市边城镇,data\raw\public_agriculture_sources\jurong_local_agri_support\source_pages\report_58_喜报_边城镇人民政府荣获镇江市_乡村振兴先进集体_称号.html,喜报！边城镇人民政府荣获镇江市“乡村振兴先进集体”称号,https://www.jurong.gov.cn/jurong/xzdt/202404/c8863e735cf64986a79999c0123deb94.shtml,
1520,今日句容,2025-05-12 09:15,,data\raw\public_agriculture_sources\jurong_local_agri_support\reports\59_束克之现场调研农业生产工作.md,jurong_local_agri_report,True,,81,9f00b494444640f95e9c3b4db67ecbcd0dd41264342b9814cb2957aefd5e216c,市融媒体中心,data\raw\public_agriculture_sources\jurong_local_agri_support\source_pages\report_59_束克之现场调研农业生产工作.html,束克之现场调研农业生产工作,https://www.jurong.gov.cn/jurong/jrjr/202505/8fc110a4d1c64181ae90aaba03393ad5.shtml,
2522,乡镇动态,2024-06-27 17:15,,data\raw\public_agriculture_sources\jurong_local_agri_support\reports\60_边城镇党建引领乡村振兴这么干.md,jurong_local_agri_report,True,,81,7af6f0b3dcb575a9dddffc71f8e9924efd8606cc386dc360e8eb9576fa4c909e,句容市边城镇,data\raw\public_agriculture_sources\jurong_local_agri_support\source_pages\report_60_边城镇党建引领乡村振兴这么干.html,边城镇党建引领乡村振兴这么干！,https://www.jurong.gov.cn/jurong/xzdt/202406/ed55c9c87d02461c85db21d7938f3dc9.shtml,
2533,,,,data\raw\public_agriculture_sources\docs_for_ingest\06_jurong_open_monograph_catalog.md,derived_ingest_summary,True,,,be678aa704f349b49f7ce23489158aaa8080d0f9d0ab754a348a9a008225da1d,,,06_jurong_open_monograph_catalog,,
4155,,,,data\raw\public_agriculture_sources\docs_for_ingest\07_jurong_historical_agri_data.md,derived_ingest_summary,True,,,51cc7bb8d0f864aed5b123520073e58aec8fc302fa4325aadd8323f709d1cd33,,,07_jurong_historical_agri_data,,
26926,,,,data\raw\public_agriculture_sources\docs_for_ingest\08_jurong_local_agri_reports_60.md,derived_ingest_summary,True,,,9dadad95b86b0b0e8e0f78ededf9e0510d7771818feeb974b2285f2e747852ca,,,08_jurong_local_agri_reports_60,,
