year,type,category,plant_pic,total_avg_pic,total_yield,market,avg_pic,yield
102,蔬菜類,蘿蔔,10.87,10.70,53996,台北二,10.70,6248
102,蔬菜類,蘿蔔,10.87,10.70,53996,台北一,11.50,19620
102,蔬菜類,蘿蔔,10.87,10.70,53996,三重區,7.70,1861
102,蔬菜類,蘿蔔,10.87,10.70,53996,宜蘭市,7.50,255
102,蔬菜類,蘿蔔,10.87,10.70,53996,桃園縣 ,11.20,616
102,蔬菜類,蘿蔔,10.87,10.70,53996,台中市,8.40,1822
102,蔬菜類,蘿蔔,10.87,10.70,53996,溪湖鎮,9.20,1661
102,蔬菜類,蘿蔔,10.87,10.70,53996,南投市,8.20,277
102,蔬菜類,蘿蔔,10.87,10.70,53996,西螺鎮,9.70,14180
102,蔬菜類,蘿蔔,10.87,10.70,53996,高雄市,16.80,2260
102,蔬菜類,蘿蔔,10.87,10.70,53996,鳳山市,9.90,927
102,蔬菜類,蘿蔔,10.87,10.70,53996,屏東市,10.80,2866
102,蔬菜類,蘿蔔,10.87,10.70,53996,台東市,10.80,648
102,蔬菜類,蘿蔔,10.87,10.70,53996,花蓮市,9.10,755
102,蔬菜類,胡蘿蔔,15.93,16.30,32123,台北二,16.10,3966
102,蔬菜類,胡蘿蔔,15.93,16.30,32123,台北一,15.90,11187
102,蔬菜類,胡蘿蔔,15.93,16.30,32123,三重區,11.10,1305
102,蔬菜類,胡蘿蔔,15.93,16.30,32123,宜蘭市,15.50,0
102,蔬菜類,胡蘿蔔,15.93,16.30,32123,桃園縣 ,14.60,680
102,蔬菜類,胡蘿蔔,15.93,16.30,32123,台中市,13.40,1660
102,蔬菜類,胡蘿蔔,15.93,16.30,32123,溪湖鎮,11.30,919
102,蔬菜類,胡蘿蔔,15.93,16.30,32123,西螺鎮,18.50,12341
102,蔬菜類,胡蘿蔔,15.93,16.30,32123,高雄市,17.70,3179
102,蔬菜類,胡蘿蔔,15.93,16.30,32123,鳳山市,12.30,1855
102,蔬菜類,胡蘿蔔,15.93,16.30,32123,屏東市,15.80,3109
102,蔬菜類,胡蘿蔔,15.93,16.30,32123,台東市,17.30,225
102,蔬菜類,胡蘿蔔,15.93,16.30,32123,花蓮市,12.80,0
102,蔬菜類,馬鈴薯,20.89,24.00,13472,台北二,24.10,1637
102,蔬菜類,馬鈴薯,20.89,24.00,13472,台北一,23.40,3482
102,蔬菜類,馬鈴薯,20.89,24.00,13472,三重區,19.40,208
102,蔬菜類,馬鈴薯,20.89,24.00,13472,桃園縣 ,20.70,130
102,蔬菜類,馬鈴薯,20.89,24.00,13472,台中市,19.10,320
102,蔬菜類,馬鈴薯,20.89,24.00,13472,西螺鎮,25.00,5828
102,蔬菜類,馬鈴薯,20.89,24.00,13472,高雄市,26.90,902
102,蔬菜類,馬鈴薯,20.89,24.00,13472,鳳山區,19.50,394
102,蔬菜類,馬鈴薯,20.89,24.00,13472,屏東市,20.40,490
102,蔬菜類,馬鈴薯,20.89,24.00,13472,台東市,25.60,79
102,蔬菜類,洋蔥,17.01,19.60,21737,台北二,20.90,2836
102,蔬菜類,洋蔥,17.01,19.60,21737,台北一,21.00,6727
102,蔬菜類,洋蔥,17.01,19.60,21737,三重區,14.20,311
102,蔬菜類,洋蔥,17.01,19.60,21737,宜蘭市,14.80,123
102,蔬菜類,洋蔥,17.01,19.60,21737,桃園縣 ,15.90,208
102,蔬菜類,洋蔥,17.01,19.60,21737,台中市,16.60,980
102,蔬菜類,洋蔥,17.01,19.60,21737,溪湖鎮,19.10,284
102,蔬菜類,洋蔥,17.01,19.60,21737,西螺鎮,19.60,6063
102,蔬菜類,洋蔥,17.01,19.60,21737,高雄市,21.80,2114
102,蔬菜類,洋蔥,17.01,19.60,21737,鳳山區,14.20,992
102,蔬菜類,洋蔥,17.01,19.60,21737,屏東市,13.80,1036
102,蔬菜類,洋蔥,17.01,19.60,21737,台東市,16.90,57
102,蔬菜類,洋蔥,17.01,19.60,21737,花蓮市,13.70,6
102,蔬菜類,洋菇,96.98,87.60,748,台北二,101.10,164
102,蔬菜類,洋菇,96.98,87.60,748,台北一,101.30,326
102,蔬菜類,洋菇,96.98,87.60,748,三重區,61.30,12
102,蔬菜類,洋菇,96.98,87.60,748,桃園縣 ,31.60,11
102,蔬菜類,洋菇,96.98,87.60,748,台中市,103.30,14
102,蔬菜類,洋菇,96.98,87.60,748,高雄市,122.60,54
102,蔬菜類,洋菇,96.98,87.60,748,鳳山區,39.10,62
102,蔬菜類,洋菇,96.98,87.60,748,屏東市,41.50,106
102,蔬菜類,蔥,42.56,41.50,25613,台北二,44.60,2830
102,蔬菜類,蔥,42.56,41.50,25613,台北一,49.00,9598
102,蔬菜類,蔥,42.56,41.50,25613,三重區,25.10,853
102,蔬菜類,蔥,42.56,41.50,25613,宜蘭市,65.60,1635
102,蔬菜類,蔥,42.56,41.50,25613,桃園縣 ,33.40,278
102,蔬菜類,蔥,42.56,41.50,25613,台中市,28.20,623
102,蔬菜類,蔥,42.56,41.50,25613,永靖鄉,21.60,6
102,蔬菜類,蔥,42.56,41.50,25613,溪湖鎮,36.50,1094
102,蔬菜類,蔥,42.56,41.50,25613,南投市,37.00,49
102,蔬菜類,蔥,42.56,41.50,25613,西螺鎮,30.00,5454
102,蔬菜類,蔥,42.56,41.50,25613,高雄市,43.40,1097
102,蔬菜類,蔥,42.56,41.50,25613,鳳山區,22.80,489
102,蔬菜類,蔥,42.56,41.50,25613,屏東市,25.40,1148
102,蔬菜類,蔥,42.56,41.50,25613,台東市,40.50,353
102,蔬菜類,蔥,42.56,41.50,25613,花蓮市,43.20,106
102,蔬菜類,蒜,58.32,58.30,12961,台北二,63.10,1309
102,蔬菜類,蒜,58.32,58.30,12961,台北一,60.50,4248
102,蔬菜類,蒜,58.32,58.30,12961,三重區,33.80,463
102,蔬菜類,蒜,58.32,58.30,12961,宜蘭市,37.60,133
102,蔬菜類,蒜,58.32,58.30,12961,桃園縣 ,35.00,134
102,蔬菜類,蒜,58.32,58.30,12961,台中市,41.00,400
102,蔬菜類,蒜,58.32,58.30,12961,南投市,35.10,45
102,蔬菜類,蒜,58.32,58.30,12961,西螺鎮,62.50,4101
102,蔬菜類,蒜,58.32,58.30,12961,高雄市,72.10,987
102,蔬菜類,蒜,58.32,58.30,12961,鳳山區,31.70,148
102,蔬菜類,蒜,58.32,58.30,12961,屏東市,40.80,871
102,蔬菜類,蒜,58.32,58.30,12961,台東市,66.60,56
102,蔬菜類,蒜,58.32,58.30,12961,花蓮市,28.40,64
102,蔬菜類,薑,52.38,46.20,11077,台北二,51.30,1169
102,蔬菜類,薑,52.38,46.20,11077,台北一,45.70,3349
102,蔬菜類,薑,52.38,46.20,11077,三重區,35.40,521
102,蔬菜類,薑,52.38,46.20,11077,宜蘭市,39.60,459
102,蔬菜類,薑,52.38,46.20,11077,桃園縣 ,43.40,42
102,蔬菜類,薑,52.38,46.20,11077,台中市,32.00,486
102,蔬菜類,薑,52.38,46.20,11077,西螺鎮,50.70,3456
102,蔬菜類,薑,52.38,46.20,11077,高雄市,55.20,589
102,蔬菜類,薑,52.38,46.20,11077,鳳山區,32.80,228
102,蔬菜類,薑,52.38,46.20,11077,屏東市,36.50,517
102,蔬菜類,薑,52.38,46.20,11077,花蓮市,41.00,263
102,蔬菜類,蘆筍,91.18,125.50,1329,台北二,176.70,116
102,蔬菜類,蘆筍,91.18,125.50,1329,台北一,149.60,681
102,蔬菜類,蘆筍,91.18,125.50,1329,三重區,71.80,25
102,蔬菜類,蘆筍,91.18,125.50,1329,桃園縣 ,90.20,3
102,蔬菜類,蘆筍,91.18,125.50,1329,台中市,104.50,13
102,蔬菜類,蘆筍,91.18,125.50,1329,高雄市,181.70,87
102,蔬菜類,蘆筍,91.18,125.50,1329,鳳山區,59.40,19
102,蔬菜類,蘆筍,91.18,125.50,1329,屏東市,55.30,372
102,蔬菜類,蘆筍,91.18,125.50,1329,台東市,261.90,13
102,蔬菜類,麻竹筍,46.78,31.10,2382,台北二,32.40,280
102,蔬菜類,麻竹筍,46.78,31.10,2382,台北一,30.20,771
102,蔬菜類,麻竹筍,46.78,31.10,2382,三重區,25.30,110
102,蔬菜類,麻竹筍,46.78,31.10,2382,宜蘭市,23.90,75
102,蔬菜類,麻竹筍,46.78,31.10,2382,桃園縣 ,28.10,9
102,蔬菜類,麻竹筍,46.78,31.10,2382,台中市,26.20,70
102,蔬菜類,麻竹筍,46.78,31.10,2382,南投市,12.90,42
102,蔬菜類,麻竹筍,46.78,31.10,2382,高雄市,42.70,387
102,蔬菜類,麻竹筍,46.78,31.10,2382,鳳山區,25.30,205
102,蔬菜類,麻竹筍,46.78,31.10,2382,屏東市,29.50,435
102,蔬菜類,麻竹筍,46.78,31.10,2382,台東市,0.00,0
102,蔬菜類,綠竹筍,63.30,67.80,2859,台北二,85.60,282
102,蔬菜類,綠竹筍,63.30,67.80,2859,台北一,80.00,1324
102,蔬菜類,綠竹筍,63.30,67.80,2859,三重區,45.70,115
102,蔬菜類,綠竹筍,63.30,67.80,2859,宜蘭市,23.90,4
102,蔬菜類,綠竹筍,63.30,67.80,2859,桃園縣 ,95.70,0
102,蔬菜類,綠竹筍,63.30,67.80,2859,台中市,64.60,6
102,蔬菜類,綠竹筍,63.30,67.80,2859,南投市,0.00,0
102,蔬菜類,綠竹筍,63.30,67.80,2859,高雄市,73.00,63
102,蔬菜類,綠竹筍,63.30,67.80,2859,鳳山區,43.90,50
102,蔬菜類,綠竹筍,63.30,67.80,2859,屏東市,50.50,1015
102,蔬菜類,甘藍,14.90,15.20,197855,台北二,15.20,21539
102,蔬菜類,甘藍,14.90,15.20,197855,台北一,16.10,57143
102,蔬菜類,甘藍,14.90,15.20,197855,三重區,12.50,4462
102,蔬菜類,甘藍,14.90,15.20,197855,宜蘭市,18.40,3096
102,蔬菜類,甘藍,14.90,15.20,197855,桃園縣 ,14.10,1519
102,蔬菜類,甘藍,14.90,15.20,197855,台中市,14.40,5292
102,蔬菜類,甘藍,14.90,15.20,197855,永靖鄉,7.50,6807
102,蔬菜類,甘藍,14.90,15.20,197855,溪湖鎮,11.10,6768
102,蔬菜類,甘藍,14.90,15.20,197855,南投市,15.20,520
102,蔬菜類,甘藍,14.90,15.20,197855,西螺鎮,15.50,61559
102,蔬菜類,甘藍,14.90,15.20,197855,高雄市,19.80,10818
102,蔬菜類,甘藍,14.90,15.20,197855,鳳山區,10.00,5975
102,蔬菜類,甘藍,14.90,15.20,197855,屏東市,13.80,5220
102,蔬菜類,甘藍,14.90,15.20,197855,台東市,18.50,2524
102,蔬菜類,甘藍,14.90,15.20,197855,花蓮市,15.10,4612
102,蔬菜類,不結球白菜,21.80,18.00,43915,台北二,18.10,5420
102,蔬菜類,不結球白菜,21.80,18.00,43915,台北一,19.10,14144
102,蔬菜類,不結球白菜,21.80,18.00,43915,三重區,17.90,814
102,蔬菜類,不結球白菜,21.80,18.00,43915,宜蘭市,18.70,968
102,蔬菜類,不結球白菜,21.80,18.00,43915,桃園縣 ,13.80,372
102,蔬菜類,不結球白菜,21.80,18.00,43915,台中市,14.30,1319
102,蔬菜類,不結球白菜,21.80,18.00,43915,永靖鄉,0.00,0
102,蔬菜類,不結球白菜,21.80,18.00,43915,南投市,17.00,71
102,蔬菜類,不結球白菜,21.80,18.00,43915,西螺鎮,16.00,13242
102,蔬菜類,不結球白菜,21.80,18.00,43915,高雄市,25.40,3133
102,蔬菜類,不結球白菜,21.80,18.00,43915,鳳山區,15.30,1968
102,蔬菜類,不結球白菜,21.80,18.00,43915,屏東市,17.00,2187
102,蔬菜類,不結球白菜,21.80,18.00,43915,台東市,26.50,279
102,蔬菜類,不結球白菜,21.80,18.00,43915,花蓮市,15.00,0
102,蔬菜類,結球白菜,12.69,11.30,86927,台北二,11.50,8816
102,蔬菜類,結球白菜,12.69,11.30,86927,台北一,13.30,25111
102,蔬菜類,結球白菜,12.69,11.30,86927,三重區,8.90,1998
102,蔬菜類,結球白菜,12.69,11.30,86927,宜蘭市,13.60,1078
102,蔬菜類,結球白菜,12.69,11.30,86927,桃園縣 ,9.60,944
102,蔬菜類,結球白菜,12.69,11.30,86927,台中市,9.60,1815
102,蔬菜類,結球白菜,12.69,11.30,86927,永靖鄉,9.70,12732
102,蔬菜類,結球白菜,12.69,11.30,86927,溪湖鎮,11.50,2925
102,蔬菜類,結球白菜,12.69,11.30,86927,南投市,12.00,145
102,蔬菜類,結球白菜,12.69,11.30,86927,西螺鎮,9.40,18583
102,蔬菜類,結球白菜,12.69,11.30,86927,高雄市,16.20,3753
102,蔬菜類,結球白菜,12.69,11.30,86927,鳳山區,8.50,3323
102,蔬菜類,結球白菜,12.69,11.30,86927,屏東市,10.00,3364
102,蔬菜類,結球白菜,12.69,11.30,86927,台東市,16.80,814
102,蔬菜類,結球白菜,12.69,11.30,86927,花蓮市,13.90,1526
102,蔬菜類,芹菜,43.33,32.70,13920,台北二,30.80,1756
102,蔬菜類,芹菜,43.33,32.70,13920,台北一,33.70,4523
102,蔬菜類,芹菜,43.33,32.70,13920,三重區,16.40,341
102,蔬菜類,芹菜,43.33,32.70,13920,宜蘭市,34.40,345
102,蔬菜類,芹菜,43.33,32.70,13920,桃園縣 ,20.30,221
102,蔬菜類,芹菜,43.33,32.70,13920,台中市,19.00,537
102,蔬菜類,芹菜,43.33,32.70,13920,永靖鄉,23.40,347
102,蔬菜類,芹菜,43.33,32.70,13920,南投市,31.30,22
102,蔬菜類,芹菜,43.33,32.70,13920,西螺鎮,38.00,3477
102,蔬菜類,芹菜,43.33,32.70,13920,高雄市,39.70,1164
102,蔬菜類,芹菜,43.33,32.70,13920,鳳山區,19.50,230
102,蔬菜類,芹菜,43.33,32.70,13920,屏東市,23.00,825
102,蔬菜類,芹菜,43.33,32.70,13920,台東市,46.80,128
102,蔬菜類,芹菜,43.33,32.70,13920,花蓮市,19.20,6
102,蔬菜類,花椰菜,28.72,19.80,36469,台北二,25.30,2126
102,蔬菜類,花椰菜,28.72,19.80,36469,台北一,26.70,5326
102,蔬菜類,花椰菜,28.72,19.80,36469,三重區,17.40,1154
102,蔬菜類,花椰菜,28.72,19.80,36469,宜蘭市,27.10,135
102,蔬菜類,花椰菜,28.72,19.80,36469,桃園縣 ,16.30,375
102,蔬菜類,花椰菜,28.72,19.80,36469,台中市,15.90,748
102,蔬菜類,花椰菜,28.72,19.80,36469,永靖鄉,16.00,2568
102,蔬菜類,花椰菜,28.72,19.80,36469,溪湖鎮,16.50,14863
102,蔬菜類,花椰菜,28.72,19.80,36469,南投市,14.80,159
102,蔬菜類,花椰菜,28.72,19.80,36469,西螺鎮,19.40,4851
102,蔬菜類,花椰菜,28.72,19.80,36469,高雄市,29.70,1174
102,蔬菜類,花椰菜,28.72,19.80,36469,鳳山區,21.70,670
102,蔬菜類,花椰菜,28.72,19.80,36469,屏東市,23.20,2018
102,蔬菜類,花椰菜,28.72,19.80,36469,台東市,22.30,251
102,蔬菜類,花椰菜,28.72,19.80,36469,花蓮市,20.50,52
102,蔬菜類,茄子,26.90,24.00,18780,台北二,23.20,2009
102,蔬菜類,茄子,26.90,24.00,18780,台北一,24.20,5669
102,蔬菜類,茄子,26.90,24.00,18780,三重區,17.40,728
102,蔬菜類,茄子,26.90,24.00,18780,宜蘭市,25.30,501
102,蔬菜類,茄子,26.90,24.00,18780,桃園縣 ,19.10,189
102,蔬菜類,茄子,26.90,24.00,18780,台中市,19.30,802
102,蔬菜類,茄子,26.90,24.00,18780,永靖鄉,25.20,575
102,蔬菜類,茄子,26.90,24.00,18780,溪湖鎮,32.60,807
102,蔬菜類,茄子,26.90,24.00,18780,南投市,20.00,111
102,蔬菜類,茄子,26.90,24.00,18780,西螺鎮,27.60,4096
102,蔬菜類,茄子,26.90,24.00,18780,高雄市,34.70,754
102,蔬菜類,茄子,26.90,24.00,18780,鳳山區,14.80,459
102,蔬菜類,茄子,26.90,24.00,18780,屏東市,13.80,1589
102,蔬菜類,茄子,26.90,24.00,18780,台東市,22.80,183
102,蔬菜類,茄子,26.90,24.00,18780,花蓮市,23.60,308
102,蔬菜類,胡瓜,18.16,15.70,23952,台北二,16.00,2296
102,蔬菜類,胡瓜,18.16,15.70,23952,台北一,16.70,6138
102,蔬菜類,胡瓜,18.16,15.70,23952,三重區,11.40,806
102,蔬菜類,胡瓜,18.16,15.70,23952,宜蘭市,15.60,483
102,蔬菜類,胡瓜,18.16,15.70,23952,桃園縣 ,12.90,222
102,蔬菜類,胡瓜,18.16,15.70,23952,台中市,13.40,710
102,蔬菜類,胡瓜,18.16,15.70,23952,永靖鄉,13.00,1076
102,蔬菜類,胡瓜,18.16,15.70,23952,溪湖鎮,16.70,1082
102,蔬菜類,胡瓜,18.16,15.70,23952,南投市,12.60,127
102,蔬菜類,胡瓜,18.16,15.70,23952,西螺鎮,15.90,5884
102,蔬菜類,胡瓜,18.16,15.70,23952,高雄市,19.50,1138
102,蔬菜類,胡瓜,18.16,15.70,23952,鳳山區,14.40,1102
102,蔬菜類,胡瓜,18.16,15.70,23952,屏東市,14.60,1977
102,蔬菜類,胡瓜,18.16,15.70,23952,台東市,16.20,276
102,蔬菜類,胡瓜,18.16,15.70,23952,花蓮市,12.90,635
102,蔬菜類,蕃茄,34.51,30.30,26861,台北二,31.30,3730
102,蔬菜類,蕃茄,34.51,30.30,26861,台北一,34.00,11353
102,蔬菜類,蕃茄,34.51,30.30,26861,三重區,21.40,1640
102,蔬菜類,蕃茄,34.51,30.30,26861,宜蘭市,21.90,58
102,蔬菜類,蕃茄,34.51,30.30,26861,桃園縣 ,21.00,351
102,蔬菜類,蕃茄,34.51,30.30,26861,台中市,24.70,1174
102,蔬菜類,蕃茄,34.51,30.30,26861,永靖鄉,0.00,0
102,蔬菜類,蕃茄,34.51,30.30,26861,溪湖鎮,27.00,529
102,蔬菜類,蕃茄,34.51,30.30,26861,南投市,18.90,132
102,蔬菜類,蕃茄,34.51,30.30,26861,西螺鎮,26.80,3947
102,蔬菜類,蕃茄,34.51,30.30,26861,高雄市,37.50,1633
102,蔬菜類,蕃茄,34.51,30.30,26861,鳳山區,17.60,442
102,蔬菜類,蕃茄,34.51,30.30,26861,屏東市,24.50,824
102,蔬菜類,蕃茄,34.51,30.30,26861,台東市,20.60,356
102,蔬菜類,蕃茄,34.51,30.30,26861,花蓮市,28.60,691
102,蔬菜類,辣椒,56.82,57.80,4252,台北二,62.40,502
102,蔬菜類,辣椒,56.82,57.80,4252,台北一,66.00,1748
102,蔬菜類,辣椒,56.82,57.80,4252,三重區,34.10,155
102,蔬菜類,辣椒,56.82,57.80,4252,桃園縣 ,42.20,49
102,蔬菜類,辣椒,56.82,57.80,4252,台中市,42.50,208
102,蔬菜類,辣椒,56.82,57.80,4252,西螺鎮,63.20,691
102,蔬菜類,辣椒,56.82,57.80,4252,高雄市,63.10,217
102,蔬菜類,辣椒,56.82,57.80,4252,鳳山區,22.00,81
102,蔬菜類,辣椒,56.82,57.80,4252,屏東市,41.30,290
102,蔬菜類,辣椒,56.82,57.80,4252,台東市,25.20,91
102,蔬菜類,辣椒,56.82,57.80,4252,花蓮市,42.90,220
102,蔬菜類,甜椒,31.66,34.00,15388,台北二,34.10,1623
102,蔬菜類,甜椒,31.66,34.00,15388,台北一,41.40,5319
102,蔬菜類,甜椒,31.66,34.00,15388,三重區,22.10,629
102,蔬菜類,甜椒,31.66,34.00,15388,宜蘭市,31.30,167
102,蔬菜類,甜椒,31.66,34.00,15388,桃園縣 ,20.80,203
102,蔬菜類,甜椒,31.66,34.00,15388,台中市,26.80,848
102,蔬菜類,甜椒,31.66,34.00,15388,永靖鄉,0.00,0
102,蔬菜類,甜椒,31.66,34.00,15388,溪湖鎮,23.30,4
102,蔬菜類,甜椒,31.66,34.00,15388,南投市,23.30,55
102,蔬菜類,甜椒,31.66,34.00,15388,西螺鎮,30.50,3569
102,蔬菜類,甜椒,31.66,34.00,15388,高雄市,38.30,1059
102,蔬菜類,甜椒,31.66,34.00,15388,鳳山區,17.00,247
102,蔬菜類,甜椒,31.66,34.00,15388,屏東市,27.20,1253
102,蔬菜類,甜椒,31.66,34.00,15388,台東市,34.20,150
102,蔬菜類,甜椒,31.66,34.00,15388,花蓮市,29.70,263
102,蔬菜類,豌豆,66.20,62.80,4245,台北二,52.40,550
102,蔬菜類,豌豆,66.20,62.80,4245,台北一,64.50,1562
102,蔬菜類,豌豆,66.20,62.80,4245,三重區,39.90,162
102,蔬菜類,豌豆,66.20,62.80,4245,宜蘭市,43.70,27
102,蔬菜類,豌豆,66.20,62.80,4245,桃園縣 ,46.40,82
102,蔬菜類,豌豆,66.20,62.80,4245,台中市,43.60,155
102,蔬菜類,豌豆,66.20,62.80,4245,永靖鄉,60.50,0
102,蔬菜類,豌豆,66.20,62.80,4245,溪湖鎮,65.00,898
102,蔬菜類,豌豆,66.20,62.80,4245,南投市,82.10,3
102,蔬菜類,豌豆,66.20,62.80,4245,西螺鎮,93.40,267
102,蔬菜類,豌豆,66.20,62.80,4245,高雄市,86.40,245
102,蔬菜類,豌豆,66.20,62.80,4245,鳳山區,39.50,31
102,蔬菜類,豌豆,66.20,62.80,4245,屏東市,46.90,199
102,蔬菜類,豌豆,66.20,62.80,4245,台東市,55.50,54
102,蔬菜類,豌豆,66.20,62.80,4245,花蓮市,71.20,12
102,蔬菜類,菜豆,36.23,32.50,6258,台北二,32.30,542
102,蔬菜類,菜豆,36.23,32.50,6258,台北一,34.10,1649
102,蔬菜類,菜豆,36.23,32.50,6258,三重區,24.00,272
102,蔬菜類,菜豆,36.23,32.50,6258,宜蘭市,22.30,27
102,蔬菜類,菜豆,36.23,32.50,6258,桃園縣 ,26.50,104
102,蔬菜類,菜豆,36.23,32.50,6258,台中市,26.90,211
102,蔬菜類,菜豆,36.23,32.50,6258,永靖鄉,27.40,642
102,蔬菜類,菜豆,36.23,32.50,6258,溪湖鎮,40.80,198
102,蔬菜類,菜豆,36.23,32.50,6258,南投市,32.60,21
102,蔬菜類,菜豆,36.23,32.50,6258,西螺鎮,34.00,1789
102,蔬菜類,菜豆,36.23,32.50,6258,高雄市,51.80,190
102,蔬菜類,菜豆,36.23,32.50,6258,鳳山區,25.90,62
102,蔬菜類,菜豆,36.23,32.50,6258,屏東市,28.60,357
102,蔬菜類,菜豆,36.23,32.50,6258,台東市,28.30,90
102,蔬菜類,菜豆,36.23,32.50,6258,花蓮市,24.70,104
102,蔬菜類,毛豆,14.05,76.10,477,台北二,73.40,47
102,蔬菜類,毛豆,14.05,76.10,477,台北一,83.40,294
102,蔬菜類,毛豆,14.05,76.10,477,三重區,21.90,28
102,蔬菜類,毛豆,14.05,76.10,477,桃園縣 ,22.90,3
102,蔬菜類,毛豆,14.05,76.10,477,台中市,27.20,20
102,蔬菜類,毛豆,14.05,76.10,477,高雄市,86.00,82
102,蔬菜類,毛豆,14.05,76.10,477,鳳山區,18.30,4
102,蔬菜類,毛豆,14.05,76.10,477,屏東市,21.20,0
102,果品類,香蕉,25.67,29.60,27614,台北二,34.20,3279
102,果品類,香蕉,25.67,29.60,27614,台北一,31.30,5930
102,果品類,香蕉,25.67,29.60,27614,三重區,27.30,5204
102,果品類,香蕉,25.67,29.60,27614,宜蘭市,26.00,389
102,果品類,香蕉,25.67,29.60,27614,桃園縣,15.20,7
102,果品類,香蕉,25.67,29.60,27614,台中市,29.00,8354
102,果品類,香蕉,25.67,29.60,27614,東勢鎮,26.00,1
102,果品類,香蕉,25.67,29.60,27614,嘉義市,29.70,381
102,果品類,香蕉,25.67,29.60,27614,高雄市,30.30,950
102,果品類,香蕉,25.67,29.60,27614,鳳山區,27.70,3016
102,果品類,香蕉,25.67,29.60,27614,台東市,28.60,103
102,果品類,?梨,15.90,20.80,50928,台北二,25.00,4694
102,果品類,?梨,15.90,20.80,50928,台北一,24.40,9390
102,果品類,?梨,15.90,20.80,50928,三重區,19.90,12486
102,果品類,?梨,15.90,20.80,50928,宜蘭市,21.20,713
102,果品類,?梨,15.90,20.80,50928,桃園縣,12.80,107
102,果品類,?梨,15.90,20.80,50928,台中市,19.20,16182
102,果品類,?梨,15.90,20.80,50928,嘉義市,16.50,1216
102,果品類,?梨,15.90,20.80,50928,高雄市,19.80,1984
102,果品類,?梨,15.90,20.80,50928,鳳山區,19.00,3998
102,果品類,?梨,15.90,20.80,50928,台東市,20.30,158
102,果品類,柳橙,19.49,21.20,21079,台北二,23.10,2300
102,果品類,柳橙,19.49,21.20,21079,台北一,24.80,5328
102,果品類,柳橙,19.49,21.20,21079,三重區,20.20,4718
102,果品類,柳橙,19.49,21.20,21079,宜蘭市,18.90,244
102,果品類,柳橙,19.49,21.20,21079,桃園縣,17.60,7
102,果品類,柳橙,19.49,21.20,21079,台中市,19.30,5409
102,果品類,柳橙,19.49,21.20,21079,嘉義市,21.80,265
102,果品類,柳橙,19.49,21.20,21079,高雄市,19.20,784
102,果品類,柳橙,19.49,21.20,21079,鳳山區,17.80,1955
102,果品類,柳橙,19.49,21.20,21079,台東市,18.70,70
102,果品類,椪柑,35.13,26.10,23263,台北二,30.20,2306
102,果品類,椪柑,35.13,26.10,23263,台北一,27.40,4462
102,果品類,椪柑,35.13,26.10,23263,三重區,22.90,6249
102,果品類,椪柑,35.13,26.10,23263,宜蘭市,27.00,244
102,果品類,椪柑,35.13,26.10,23263,桃園縣,21.20,11
102,果品類,椪柑,35.13,26.10,23263,台中市,27.00,6048
102,果品類,椪柑,35.13,26.10,23263,東勢鎮,32.50,879
102,果品類,椪柑,35.13,26.10,23263,嘉義市,33.60,359
102,果品類,椪柑,35.13,26.10,23263,高雄市,22.70,1513
102,果品類,椪柑,35.13,26.10,23263,鳳山區,21.90,1135
102,果品類,椪柑,35.13,26.10,23263,台東市,24.10,57
102,果品類,桶柑,31.97,24.40,11759,台北二,25.10,1759
102,果品類,桶柑,31.97,24.40,11759,台北一,28.50,2520
102,果品類,桶柑,31.97,24.40,11759,三重區,18.80,4759
102,果品類,桶柑,31.97,24.40,11759,宜蘭市,0.00,0
102,果品類,桶柑,31.97,24.40,11759,桃園縣,11.40,1
102,果品類,桶柑,31.97,24.40,11759,台中市,34.40,1307
102,果品類,桶柑,31.97,24.40,11759,東勢鎮,34.80,437
102,果品類,桶柑,31.97,24.40,11759,嘉義市,29.50,91
102,果品類,桶柑,31.97,24.40,11759,高雄市,23.20,450
102,果品類,桶柑,31.97,24.40,11759,鳳山區,19.80,433
102,果品類,桶柑,31.97,24.40,11759,台東市,0.00,0
102,果品類,檸檬,40.92,37.10,6153,台北二,39.30,545
102,果品類,檸檬,40.92,37.10,6153,台北一,38.90,1650
102,果品類,檸檬,40.92,37.10,6153,三重區,32.40,1126
102,果品類,檸檬,40.92,37.10,6153,宜蘭市,26.50,31
102,果品類,檸檬,40.92,37.10,6153,桃園縣,26.40,23
102,果品類,檸檬,40.92,37.10,6153,台中市,37.40,1604
102,果品類,檸檬,40.92,37.10,6153,東勢鎮,35.00,34
102,果品類,檸檬,40.92,37.10,6153,嘉義市,40.10,192
102,果品類,檸檬,40.92,37.10,6153,高雄市,42.90,261
102,果品類,檸檬,40.92,37.10,6153,鳳山區,35.20,616
102,果品類,檸檬,40.92,37.10,6153,台東市,42.30,70
102,果品類,葡萄柚,15.65,22.10,4300,台北二,20.10,480
102,果品類,葡萄柚,15.65,22.10,4300,台北一,20.40,952
102,果品類,葡萄柚,15.65,22.10,4300,三重區,17.70,910
102,果品類,葡萄柚,15.65,22.10,4300,宜蘭市,0.00,0
102,果品類,葡萄柚,15.65,22.10,4300,桃園縣,22.00,0
102,果品類,葡萄柚,15.65,22.10,4300,台中市,34.60,860
102,果品類,葡萄柚,15.65,22.10,4300,東勢鎮,0.00,0
102,果品類,葡萄柚,15.65,22.10,4300,嘉義市,16.90,229
102,果品類,葡萄柚,15.65,22.10,4300,高雄市,18.50,860
102,果品類,葡萄柚,15.65,22.10,4300,鳳山區,22.80,9
102,果品類,葡萄,68.63,50.30,10886,台北二,50.50,837
102,果品類,葡萄,68.63,50.30,10886,台北一,60.10,2087
102,果品類,葡萄,68.63,50.30,10886,三重區,39.30,2927
102,果品類,葡萄,68.63,50.30,10886,宜蘭市,47.30,416
102,果品類,葡萄,68.63,50.30,10886,桃園縣,27.90,21
102,果品類,葡萄,68.63,50.30,10886,台中市,53.80,3099
102,果品類,葡萄,68.63,50.30,10886,東勢鎮,33.50,2
102,果品類,葡萄,68.63,50.30,10886,嘉義市,58.10,268
102,果品類,葡萄,68.63,50.30,10886,高雄市,53.30,554
102,果品類,葡萄,68.63,50.30,10886,鳳山區,47.10,595
102,果品類,葡萄,68.63,50.30,10886,台東市,52.00,80
102,果品類,木瓜,31.36,27.80,39241,台北二,29.40,4921
102,果品類,木瓜,31.36,27.80,39241,台北一,28.20,10146
102,果品類,木瓜,31.36,27.80,39241,三重區,27.60,9519
102,果品類,木瓜,31.36,27.80,39241,宜蘭市,32.00,1132
102,果品類,木瓜,31.36,27.80,39241,桃園縣,14.30,49
102,果品類,木瓜,31.36,27.80,39241,台中市,26.60,8722
102,果品類,木瓜,31.36,27.80,39241,嘉義市,28.60,955
102,果品類,木瓜,31.36,27.80,39241,高雄市,27.80,1485
102,果品類,木瓜,31.36,27.80,39241,鳳山區,26.40,2214
102,果品類,木瓜,31.36,27.80,39241,台東市,28.00,98
102,果品類,桃子,61.67,88.20,8034,台北二,85.50,864
102,果品類,桃子,61.67,88.20,8034,台北一,89.90,1473
102,果品類,桃子,61.67,88.20,8034,三重區,100.90,2165
102,果品類,桃子,61.67,88.20,8034,宜蘭市,28.30,28
102,果品類,桃子,61.67,88.20,8034,桃園縣,18.90,1
102,果品類,桃子,61.67,88.20,8034,台中市,89.70,1945
102,果品類,桃子,61.67,88.20,8034,東勢鎮,39.80,678
102,果品類,桃子,61.67,88.20,8034,嘉義市,104.40,207
102,果品類,桃子,61.67,88.20,8034,高雄市,95.60,617
102,果品類,桃子,61.67,88.20,8034,鳳山區,23.10,55
102,果品類,桃子,61.67,88.20,8034,台東市,40.30,1
102,果品類,楊桃,24.76,17.70,2694,台北二,25.70,328
102,果品類,楊桃,24.76,17.70,2694,台北一,19.20,539
102,果品類,楊桃,24.76,17.70,2694,三重區,11.50,807
102,果品類,楊桃,24.76,17.70,2694,宜蘭市,22.20,11
102,果品類,楊桃,24.76,17.70,2694,台中市,20.20,574
102,果品類,楊桃,24.76,17.70,2694,東勢鎮,30.40,0
102,果品類,楊桃,24.76,17.70,2694,嘉義市,16.80,72
102,果品類,楊桃,24.76,17.70,2694,高雄市,20.10,107
102,果品類,楊桃,24.76,17.70,2694,鳳山區,16.90,255
102,果品類,梨,54.36,46.40,34000,台北二,48.50,2667
102,果品類,梨,54.36,46.40,34000,台北一,42.30,5101
102,果品類,梨,54.36,46.40,34000,三重區,40.80,6718
102,果品類,梨,54.36,46.40,34000,宜蘭市,40.60,516
102,果品類,梨,54.36,46.40,34000,桃園縣,21.00,14
102,果品類,梨,54.36,46.40,34000,台中市,48.10,6111
102,果品類,梨,54.36,46.40,34000,東勢鎮,48.80,9275
102,果品類,梨,54.36,46.40,34000,嘉義市,63.30,1080
102,果品類,梨,54.36,46.40,34000,高雄市,52.90,1672
102,果品類,梨,54.36,46.40,34000,鳳山區,37.20,777
102,果品類,梨,54.36,46.40,34000,台東市,53.80,69
102,果品類,蓮霧,58.29,42.80,22481,台北二,56.20,2485
102,果品類,蓮霧,58.29,42.80,22481,台北一,51.00,4845
102,果品類,蓮霧,58.29,42.80,22481,三重區,36.80,6744
102,果品類,蓮霧,58.29,42.80,22481,宜蘭市,51.20,274
102,果品類,蓮霧,58.29,42.80,22481,桃園縣,23.90,0
102,果品類,蓮霧,58.29,42.80,22481,台中市,38.60,5975
102,果品類,蓮霧,58.29,42.80,22481,東勢鎮,38.40,1
102,果品類,蓮霧,58.29,42.80,22481,嘉義市,46.30,627
102,果品類,蓮霧,58.29,42.80,22481,高雄市,39.80,758
102,果品類,蓮霧,58.29,42.80,22481,鳳山區,29.30,740
102,果品類,蓮霧,58.29,42.80,22481,台東市,34.80,31
102,果品類,芒果,46.46,35.30,35236,台北二,43.70,4154
102,果品類,芒果,46.46,35.30,35236,台北一,40.50,7049
102,果品類,芒果,46.46,35.30,35236,三重區,31.80,9521
102,果品類,芒果,46.46,35.30,35236,宜蘭市,41.70,676
102,果品類,芒果,46.46,35.30,35236,桃園縣,23.00,7
102,果品類,芒果,46.46,35.30,35236,台中市,33.70,9715
102,果品類,芒果,46.46,35.30,35236,嘉義市,32.70,744
102,果品類,芒果,46.46,35.30,35236,高雄市,32.90,1258
102,果品類,芒果,46.46,35.30,35236,鳳山區,25.30,1995
102,果品類,芒果,46.46,35.30,35236,台東市,37.60,118
102,果品類,番石榴,21.30,21.40,58261,台北二,23.70,8442
102,果品類,番石榴,21.30,21.40,58261,台北一,24.60,15860
102,果品類,番石榴,21.30,21.40,58261,三重區,20.10,17969
102,果品類,番石榴,21.30,21.40,58261,宜蘭市,20.80,725
102,果品類,番石榴,21.30,21.40,58261,桃園縣,14.90,78
102,果品類,番石榴,21.30,21.40,58261,台中市,18.80,11644
102,果品類,番石榴,21.30,21.40,58261,東勢鎮,14.40,0
102,果品類,番石榴,21.30,21.40,58261,嘉義市,17.70,582
102,果品類,番石榴,21.30,21.40,58261,高雄市,20.80,534
102,果品類,番石榴,21.30,21.40,58261,鳳山區,15.80,2307
102,果品類,番石榴,21.30,21.40,58261,台東市,19.20,120
102,果品類,西瓜,14.15,11.00,85680,台北二,12.00,6211
102,果品類,西瓜,14.15,11.00,85680,台北一,10.30,19167
102,果品類,西瓜,14.15,11.00,85680,三重區,10.40,20680
102,果品類,西瓜,14.15,11.00,85680,宜蘭市,12.30,968
102,果品類,西瓜,14.15,11.00,85680,桃園縣,9.50,75
102,果品類,西瓜,14.15,11.00,85680,台中市,11.40,18205
102,果品類,西瓜,14.15,11.00,85680,嘉義市,11.00,7248
102,果品類,西瓜,14.15,11.00,85680,高雄市,11.80,6012
102,果品類,西瓜,14.15,11.00,85680,鳳山區,11.80,6935
102,果品類,西瓜,14.15,11.00,85680,台東市,14.20,179
102,果品類,梅,35.75,30.30,1037,台北二,29.80,128
102,果品類,梅,35.75,30.30,1037,台北一,32.00,143
102,果品類,梅,35.75,30.30,1037,三重區,24.10,187
102,果品類,梅,35.75,30.30,1037,宜蘭市,0.00,0
102,果品類,梅,35.75,30.30,1037,桃園縣,20.00,2
102,果品類,梅,35.75,30.30,1037,台中市,36.00,299
102,果品類,梅,35.75,30.30,1037,東勢鎮,34.60,87
102,果品類,梅,35.75,30.30,1037,嘉義市,31.40,27
102,果品類,梅,35.75,30.30,1037,高雄市,26.40,64
102,果品類,梅,35.75,30.30,1037,鳳山區,22.20,100
102,果品類,荔枝,52.63,37.50,8692,台北二,46.30,679
102,果品類,荔枝,52.63,37.50,8692,台北一,46.20,1558
102,果品類,荔枝,52.63,37.50,8692,三重區,32.50,2762
102,果品類,荔枝,52.63,37.50,8692,宜蘭市,31.20,61
102,果品類,荔枝,52.63,37.50,8692,桃園縣,22.00,0
102,果品類,荔枝,52.63,37.50,8692,台中市,39.00,2426
102,果品類,荔枝,52.63,37.50,8692,嘉義市,25.90,235
102,果品類,荔枝,52.63,37.50,8692,高雄市,38.70,389
102,果品類,荔枝,52.63,37.50,8692,鳳山區,25.20,566
102,果品類,荔枝,52.63,37.50,8692,台東市,55.40,15
102,果品類,龍眼,43.88,35.20,4389,台北二,44.10,403
102,果品類,龍眼,43.88,35.20,4389,台北一,43.00,884
102,果品類,龍眼,43.88,35.20,4389,三重區,29.80,1550
102,果品類,龍眼,43.88,35.20,4389,宜蘭市,39.90,75
102,果品類,龍眼,43.88,35.20,4389,桃園縣,38.70,1
102,果品類,龍眼,43.88,35.20,4389,台中市,34.60,1008
102,果品類,龍眼,43.88,35.20,4389,東勢區,50.00,0
102,果品類,龍眼,43.88,35.20,4389,嘉義市,29.20,88
102,果品類,龍眼,43.88,35.20,4389,高雄市,33.20,169
102,果品類,龍眼,43.88,35.20,4389,鳳山區,29.10,197
102,果品類,龍眼,43.88,35.20,4389,台東市,35.10,15
102,果品類,李,32.30,48.80,2848,台北二,56.20,246
102,果品類,李,32.30,48.80,2848,台北一,45.20,584
102,果品類,李,32.30,48.80,2848,三重區,44.00,682
102,果品類,李,32.30,48.80,2848,宜蘭市,37.40,85
102,果品類,李,32.30,48.80,2848,桃園縣,9.00,0
102,果品類,李,32.30,48.80,2848,台中市,58.90,734
102,果品類,李,32.30,48.80,2848,東勢鎮,45.50,128
102,果品類,李,32.30,48.80,2848,嘉義市,50.60,58
102,果品類,李,32.30,48.80,2848,高雄市,55.10,168
102,果品類,李,32.30,48.80,2848,鳳山區,27.20,164
102,果品類,棗子,50.26,39.00,12435,台北二,49.20,1259
102,果品類,棗子,50.26,39.00,12435,台北一,45.10,3109
102,果品類,棗子,50.26,39.00,12435,三重區,33.80,3067
102,果品類,棗子,50.26,39.00,12435,宜蘭市,55.60,121
102,果品類,棗子,50.26,39.00,12435,桃園縣,33.10,3
102,果品類,棗子,50.26,39.00,12435,台中市,35.50,3914
102,果品類,棗子,50.26,39.00,12435,嘉義市,39.00,185
102,果品類,棗子,50.26,39.00,12435,高雄市,39.80,315
102,果品類,棗子,50.26,39.00,12435,鳳山區,28.30,439
102,果品類,棗子,50.26,39.00,12435,台東市,35.80,23
102,果品類,柿子,49.32,53.50,11386,台北二,50.80,1044
102,果品類,柿子,49.32,53.50,11386,台北一,50.80,1694
102,果品類,柿子,49.32,53.50,11386,三重區,38.60,2549
102,果品類,柿子,49.32,53.50,11386,宜蘭市,64.10,207
102,果品類,柿子,49.32,53.50,11386,桃園縣,77.20,8
102,果品類,柿子,49.32,53.50,11386,台中市,57.30,1956
102,果品類,柿子,49.32,53.50,11386,東勢鎮,79.30,2277
102,果品類,柿子,49.32,53.50,11386,嘉義市,44.10,415
102,果品類,柿子,49.32,53.50,11386,高雄市,46.30,618
102,果品類,柿子,49.32,53.50,11386,鳳山區,28.70,593
102,果品類,柿子,49.32,53.50,11386,台東市,34.40,25
102,花卉類,菊花,5.36,57.20,10134,台北市場,61.10,2978
102,花卉類,菊花,5.36,57.20,10134,台中市場,49.60,831
102,花卉類,菊花,5.36,57.20,10134,彰化市場,55.40,2413
102,花卉類,菊花,5.36,57.20,10134,台南市場,55.20,2006
102,花卉類,菊花,5.36,57.20,10134,高雄市場,58.80,1904
102,花卉類,玫瑰,4.53,93.60,3122,台北市場,98.90,1434
102,花卉類,玫瑰,4.53,93.60,3122,台中市場,92.50,451
102,花卉類,玫瑰,4.53,93.60,3122,彰化市場,87.10,371
102,花卉類,玫瑰,4.53,93.60,3122,台南市場,82.80,391
102,花卉類,玫瑰,4.53,93.60,3122,高雄市場,92.60,476
102,花卉類,火鶴,11.01,9.60,12542,台北市場,9.40,4576
102,花卉類,火鶴,11.01,9.60,12542,台中市場,8.70,1983
102,花卉類,火鶴,11.01,9.60,12542,彰化市場,10.80,1869
102,花卉類,火鶴,11.01,9.60,12542,台南市場,9.40,2616
102,花卉類,火鶴,11.01,9.60,12542,高雄市場,10.60,1497
102,花卉類,唐昌蒲,5.47,97.60,1414,台北市場,106.00,434
102,花卉類,唐昌蒲,5.47,97.60,1414,台中市場,80.30,90
102,花卉類,唐昌蒲,5.47,97.60,1414,彰化市場,92.60,262
102,花卉類,唐昌蒲,5.47,97.60,1414,台南市場,93.90,329
102,花卉類,唐昌蒲,5.47,97.60,1414,高雄市場,99.00,299
102,花卉類,百合,29.32,134.90,10664,台北市場,139.00,4531
102,花卉類,百合,29.32,134.90,10664,台中市場,129.10,1077
102,花卉類,百合,29.32,134.90,10664,彰化市場,132.10,1534
102,花卉類,百合,29.32,134.90,10664,台南市場,129.00,1831
102,花卉類,百合,29.32,134.90,10664,高雄市場,136.90,1692
102,花卉類,康乃馨,4.28,54.30,1834,台北市場,60.10,764
102,花卉類,康乃馨,4.28,54.30,1834,台中市場,54.20,231
102,花卉類,康乃馨,4.28,54.30,1834,彰化市場,48.50,240
102,花卉類,康乃馨,4.28,54.30,1834,台南市場,46.60,305
102,花卉類,康乃馨,4.28,54.30,1834,高雄市場,51.90,294
102,花卉類,文心蘭,7.23,65.30,838,台北市場,66.20,380
102,花卉類,文心蘭,7.23,65.30,838,台中市場,57.30,80
102,花卉類,文心蘭,7.23,65.30,838,彰化市場,69.90,160
102,花卉類,文心蘭,7.23,65.30,838,台南市場,62.50,118
102,花卉類,文心蘭,7.23,65.30,838,高雄市場,64.20,100
102,稻米及雜糧作物,落花生,56.87,39.70,594,台北二,48.20,97
102,稻米及雜糧作物,落花生,56.87,39.70,594,台北一,48.70,251
102,稻米及雜糧作物,落花生,56.87,39.70,594,三重市,32.50,56
102,稻米及雜糧作物,落花生,56.87,39.70,594,桃園縣,33.40,21
102,稻米及雜糧作物,落花生,56.87,39.70,594,台中市,30.40,40
102,稻米及雜糧作物,落花生,56.87,39.70,594,高雄市,37.60,42
102,稻米及雜糧作物,落花生,56.87,39.70,594,鳳山市,10.10,28
102,稻米及雜糧作物,落花生,56.87,39.70,594,屏東市,14.40,51
102,稻米及雜糧作物,落花生,56.87,39.70,594,花蓮市,46.60,8
102,稻米及雜糧作物,甘藷,15.73,14.50,21874,台北二,20.60,1995
102,稻米及雜糧作物,甘藷,15.73,14.50,21874,台北一,20.20,5283
102,稻米及雜糧作物,甘藷,15.73,14.50,21874,三重市,14.10,877
102,稻米及雜糧作物,甘藷,15.73,14.50,21874,宜蘭市,17.40,337
102,稻米及雜糧作物,甘藷,15.73,14.50,21874,桃園縣,15.20,245
102,稻米及雜糧作物,甘藷,15.73,14.50,21874,台中市,16.10,667
102,稻米及雜糧作物,甘藷,15.73,14.50,21874,西螺鎮,22.50,4768
102,稻米及雜糧作物,甘藷,15.73,14.50,21874,高雄市,22.40,1498
102,稻米及雜糧作物,甘藷,15.73,14.50,21874,鳳山市,14.50,411
102,稻米及雜糧作物,甘藷,15.73,14.50,21874,屏東市,17.60,700
102,稻米及雜糧作物,甘藷,15.73,14.50,21874,台東市,19.60,155
102,稻米及雜糧作物,甘藷,15.73,14.50,21874,花蓮市,13.70,318
103,蔬菜類,蘿蔔,9.16,9.60,60,台北二,9.40,6566
103,蔬菜類,蘿蔔,9.16,9.60,60,台北一,9.90,19842
103,蔬菜類,蘿蔔,9.16,9.60,60,三重區,7.10,1860
103,蔬菜類,蘿蔔,9.16,9.60,60,宜蘭市,7.90,1207
103,蔬菜類,蘿蔔,9.16,9.60,60,桃園縣 ,8.90,688
103,蔬菜類,蘿蔔,9.16,9.60,60,台中市,7.70,1833
103,蔬菜類,蘿蔔,9.16,9.60,60,溪湖鎮,8.00,1719
103,蔬菜類,蘿蔔,9.16,9.60,60,南投市,6.70,315
103,蔬菜類,蘿蔔,9.16,9.60,60,西螺鎮,9.30,18719
103,蔬菜類,蘿蔔,9.16,9.60,60,高雄市,15.10,2686
103,蔬菜類,蘿蔔,9.16,9.60,60,鳳山市,7.90,852
103,蔬菜類,蘿蔔,9.16,9.60,60,屏東市,9.60,2958
103,蔬菜類,蘿蔔,9.16,9.60,60,台東市,10.30,699
103,蔬菜類,蘿蔔,9.16,9.60,60,花蓮市,7.40,521
103,蔬菜類,胡蘿蔔,10.62,8.80,40427,台北二,8.30,3966
103,蔬菜類,胡蘿蔔,10.62,8.80,40427,台北一,7.70,11187
103,蔬菜類,胡蘿蔔,10.62,8.80,40427,三重區,7.80,1305
103,蔬菜類,胡蘿蔔,10.62,8.80,40427,宜蘭市,0.00,0
103,蔬菜類,胡蘿蔔,10.62,8.80,40427,桃園縣 ,7.90,680
103,蔬菜類,胡蘿蔔,10.62,8.80,40427,台中市,6.70,1660
103,蔬菜類,胡蘿蔔,10.62,8.80,40427,溪湖鎮,8.70,919
103,蔬菜類,胡蘿蔔,10.62,8.80,40427,西螺鎮,9.70,12341
103,蔬菜類,胡蘿蔔,10.62,8.80,40427,高雄市,10.50,3179
103,蔬菜類,胡蘿蔔,10.62,8.80,40427,鳳山區,7.40,1855
103,蔬菜類,胡蘿蔔,10.62,8.80,40427,屏東市,10.00,3109
103,蔬菜類,胡蘿蔔,10.62,8.80,40427,台東市,14.80,225
103,蔬菜類,胡蘿蔔,10.62,8.80,40427,花蓮市,0.00,0
103,蔬菜類,馬鈴薯,18.25,19.80,16442,台北二,21.30,1727
103,蔬菜類,馬鈴薯,18.25,19.80,16442,台北一,20.60,3785
103,蔬菜類,馬鈴薯,18.25,19.80,16442,三重區,16.00,235
103,蔬菜類,馬鈴薯,18.25,19.80,16442,桃園縣 ,16.90,117
103,蔬菜類,馬鈴薯,18.25,19.80,16442,台中市,17.10,327
103,蔬菜類,馬鈴薯,18.25,19.80,16442,西螺鎮,18.90,8123
103,蔬菜類,馬鈴薯,18.25,19.80,16442,高雄市,23.50,1138
103,蔬菜類,馬鈴薯,18.25,19.80,16442,鳳山區,18.50,421
103,蔬菜類,馬鈴薯,18.25,19.80,16442,屏東市,20.30,506
103,蔬菜類,馬鈴薯,18.25,19.80,16442,台東市,24.90,63
103,蔬菜類,洋蔥,11.58,15.60,25284,台北二,17.00,3363
103,蔬菜類,洋蔥,11.58,15.60,25284,台北一,16.60,7720
103,蔬菜類,洋蔥,11.58,15.60,25284,三重區,10.50,544
103,蔬菜類,洋蔥,11.58,15.60,25284,宜蘭市,0.00,0
103,蔬菜類,洋蔥,11.58,15.60,25284,桃園縣 ,11.80,309
103,蔬菜類,洋蔥,11.58,15.60,25284,台中市,12.90,1079
103,蔬菜類,洋蔥,11.58,15.60,25284,溪湖鎮,14.50,396
103,蔬菜類,洋蔥,11.58,15.60,25284,西螺鎮,15.00,7863
103,蔬菜類,洋蔥,11.58,15.60,25284,高雄市,17.90,2063
103,蔬菜類,洋蔥,11.58,15.60,25284,鳳山區,12.00,829
103,蔬菜類,洋蔥,11.58,15.60,25284,屏東市,13.10,1061
103,蔬菜類,洋蔥,11.58,15.60,25284,台東市,11.90,56
103,蔬菜類,洋蔥,11.58,15.60,25284,花蓮市,8.70,1
103,蔬菜類,洋菇,98.66,87.30,725,台北二,88.70,174
103,蔬菜類,洋菇,98.66,87.30,725,台北一,94.90,361
103,蔬菜類,洋菇,98.66,87.30,725,三重區,56.90,11
103,蔬菜類,洋菇,98.66,87.30,725,桃園縣 ,28.70,6
103,蔬菜類,洋菇,98.66,87.30,725,台中市,115.80,14
103,蔬菜類,洋菇,98.66,87.30,725,高雄市,133.80,42
103,蔬菜類,洋菇,98.66,87.30,725,鳳山區,48.60,24
103,蔬菜類,洋菇,98.66,87.30,725,屏東市,47.40,93
103,蔬菜類,蔥,36.51,36.50,27034,台北二,40.40,3120
103,蔬菜類,蔥,36.51,36.50,27034,台北一,42.70,9836
103,蔬菜類,蔥,36.51,36.50,27034,三重區,24.50,931
103,蔬菜類,蔥,36.51,36.50,27034,宜蘭市,54.60,2058
103,蔬菜類,蔥,36.51,36.50,27034,桃園縣 ,32.20,339
103,蔬菜類,蔥,36.51,36.50,27034,台中市,25.30,630
103,蔬菜類,蔥,36.51,36.50,27034,永靖鄉,0.00,0
103,蔬菜類,蔥,36.51,36.50,27034,溪湖鎮,31.90,1091
103,蔬菜類,蔥,36.51,36.50,27034,南投市,33.60,42
103,蔬菜類,蔥,36.51,36.50,27034,西螺鎮,26.00,5794
103,蔬菜類,蔥,36.51,36.50,27034,高雄市,37.40,1074
103,蔬菜類,蔥,36.51,36.50,27034,鳳山區,20.60,530
103,蔬菜類,蔥,36.51,36.50,27034,屏東市,23.60,1105
103,蔬菜類,蔥,36.51,36.50,27034,台東市,32.80,430
103,蔬菜類,蔥,36.51,36.50,27034,花蓮市,30.80,56
103,蔬菜類,蒜,33.03,51.90,13347,台北二,52.40,1444
103,蔬菜類,蒜,33.03,51.90,13347,台北一,54.70,4226
103,蔬菜類,蒜,33.03,51.90,13347,三重區,34.00,548
103,蔬菜類,蒜,33.03,51.90,13347,宜蘭市,52.90,474
103,蔬菜類,蒜,33.03,51.90,13347,桃園縣 ,33.20,153
103,蔬菜類,蒜,33.03,51.90,13347,台中市,37.20,473
103,蔬菜類,蒜,33.03,51.90,13347,南投市,41.90,31
103,蔬菜類,蒜,33.03,51.90,13347,西螺鎮,53.90,4243
103,蔬菜類,蒜,33.03,51.90,13347,高雄市,62.10,709
103,蔬菜類,蒜,33.03,51.90,13347,鳳山區,38.40,108
103,蔬菜類,蒜,33.03,51.90,13347,屏東市,42.20,849
103,蔬菜類,蒜,33.03,51.90,13347,台東市,73.50,54
103,蔬菜類,蒜,33.03,51.90,13347,花蓮市,35.60,34
103,蔬菜類,薑,86.51,65.90,8994,台北二,72.70,1074
103,蔬菜類,薑,86.51,65.90,8994,台北一,64.20,3001
103,蔬菜類,薑,86.51,65.90,8994,三重區,53.40,409
103,蔬菜類,薑,86.51,65.90,8994,宜蘭市,51.90,718
103,蔬菜類,薑,86.51,65.90,8994,桃園縣 ,63.10,23
103,蔬菜類,薑,86.51,65.90,8994,台中市,44.50,352
103,蔬菜類,薑,86.51,65.90,8994,西螺鎮,75.60,2422
103,蔬菜類,薑,86.51,65.90,8994,高雄市,81.60,442
103,蔬菜類,薑,86.51,65.90,8994,鳳山區,42.90,110
103,蔬菜類,薑,86.51,65.90,8994,屏東市,44.70,340
103,蔬菜類,薑,86.51,65.90,8994,花蓮市,66.50,104
103,蔬菜類,蘆筍,75.40,108.90,1916,台北二,136.70,220
103,蔬菜類,蘆筍,99.53,108.90,1916,台北一,117.80,1042
103,蔬菜類,蘆筍,99.53,108.90,1916,三重區,62.50,68
103,蔬菜類,蘆筍,99.53,108.90,1916,桃園縣 ,72.20,9
103,蔬菜類,蘆筍,99.53,108.90,1916,台中市,95.00,30
103,蔬菜類,蘆筍,99.53,108.90,1916,高雄市,158.60,93
103,蔬菜類,蘆筍,99.53,108.90,1916,鳳山區,69.50,33
103,蔬菜類,蘆筍,99.53,108.90,1916,屏東市,66.90,406
103,蔬菜類,蘆筍,99.53,108.90,1916,台東市,260.20,14
103,蔬菜類,麻竹筍,43.19,30.10,2701,台北二,28.70,455
103,蔬菜類,麻竹筍,43.19,30.10,2701,台北一,28.70,862
103,蔬菜類,麻竹筍,43.19,30.10,2701,三重區,23.30,136
103,蔬菜類,麻竹筍,43.19,30.10,2701,宜蘭市,26.40,13
103,蔬菜類,麻竹筍,43.19,30.10,2701,桃園縣 ,26.50,21
103,蔬菜類,麻竹筍,43.19,30.10,2701,台中市,19.80,146
103,蔬菜類,麻竹筍,43.19,30.10,2701,南投市,10.50,62
103,蔬菜類,麻竹筍,43.19,30.10,2701,高雄市,42.70,466
103,蔬菜類,麻竹筍,43.19,30.10,2701,鳳山區,27.30,150
103,蔬菜類,麻竹筍,43.19,30.10,2701,屏東市,30.60,392
103,蔬菜類,麻竹筍,43.19,30.10,2701,台東市,51.00,0
103,蔬菜類,綠竹筍,81.18,66.60,2885,台北二,83.90,316
103,蔬菜類,綠竹筍,81.18,66.60,2885,台北一,81.00,1325
103,蔬菜類,綠竹筍,81.18,66.60,2885,三重區,46.70,108
103,蔬菜類,綠竹筍,81.18,66.60,2885,宜蘭市,37.50,3
103,蔬菜類,綠竹筍,81.18,66.60,2885,桃園縣 ,40.00,0
103,蔬菜類,綠竹筍,81.18,66.60,2885,台中市,47.50,4
103,蔬菜類,綠竹筍,81.18,66.60,2885,南投市,34.60,5
103,蔬菜類,綠竹筍,81.18,66.60,2885,高雄市,71.20,42
103,蔬菜類,綠竹筍,81.18,66.60,2885,鳳山區,42.70,53
103,蔬菜類,綠竹筍,81.18,66.60,2885,屏東市,46.20,1029
103,蔬菜類,甘藍,12.48,12.50,207530,台北二,12.40,23900
103,蔬菜類,甘藍,12.48,12.50,207530,台北一,13.00,59326
103,蔬菜類,甘藍,12.48,12.50,207530,三重區,10.00,5216
103,蔬菜類,甘藍,12.48,12.50,207530,宜蘭市,12.90,6935
103,蔬菜類,甘藍,12.48,12.50,207530,桃園縣 ,11.50,2030
103,蔬菜類,甘藍,12.48,12.50,207530,台中市,11.60,5558
103,蔬菜類,甘藍,12.48,12.50,207530,永靖鄉,8.30,6549
103,蔬菜類,甘藍,12.48,12.50,207530,溪湖鎮,8.80,6474
103,蔬菜類,甘藍,12.48,12.50,207530,南投市,12.00,553
103,蔬菜類,甘藍,12.48,12.50,207530,西螺鎮,12.70,63109
103,蔬菜類,甘藍,12.48,12.50,207530,高雄市,17.10,10627
103,蔬菜類,甘藍,12.48,12.50,207530,鳳山區,9.50,4119
103,蔬菜類,甘藍,12.48,12.50,207530,屏東市,12.50,5991
103,蔬菜類,甘藍,12.48,12.50,207530,台東市,14.90,2699
103,蔬菜類,甘藍,12.48,12.50,207530,花蓮市,11.90,4444
103,蔬菜類,不結球白菜,20.20,17.60,44826,台北二,17.80,5244
103,蔬菜類,不結球白菜,20.20,17.60,44826,台北一,18.50,13707
103,蔬菜類,不結球白菜,20.20,17.60,44826,三重區,17.80,826
103,蔬菜類,不結球白菜,20.20,17.60,44826,宜蘭市,15.60,1677
103,蔬菜類,不結球白菜,20.20,17.60,44826,桃園縣 ,15.30,421
103,蔬菜類,不結球白菜,20.20,17.60,44826,台中市,14.40,1304
103,蔬菜類,不結球白菜,20.20,17.60,44826,永靖鄉,8.00,0
103,蔬菜類,不結球白菜,20.20,17.60,44826,南投市,18.20,58
103,蔬菜類,不結球白菜,20.20,17.60,44826,西螺鎮,16.00,13857
103,蔬菜類,不結球白菜,20.20,17.60,44826,高雄市,25.10,3037
103,蔬菜類,不結球白菜,20.20,17.60,44826,鳳山區,14.60,2134
103,蔬菜類,不結球白菜,20.20,17.60,44826,屏東市,17.30,2243
103,蔬菜類,不結球白菜,20.20,17.60,44826,台東市,25.70,318
103,蔬菜類,不結球白菜,20.20,17.60,44826,花蓮市,0.00,0
103,蔬菜類,結球白菜,12.73,10.90,78423,台北二,10.90,8238
103,蔬菜類,結球白菜,12.73,10.90,78423,台北一,12.50,22967
103,蔬菜類,結球白菜,12.73,10.90,78423,三重區,8.10,1893
103,蔬菜類,結球白菜,12.73,10.90,78423,宜蘭市,11.10,2215
103,蔬菜類,結球白菜,12.73,10.90,78423,桃園縣 ,9.10,769
103,蔬菜類,結球白菜,12.73,10.90,78423,台中市,9.10,1880
103,蔬菜類,結球白菜,12.73,10.90,78423,永靖鄉,9.60,9370
103,蔬菜類,結球白菜,12.73,10.90,78423,溪湖鎮,10.50,2165
103,蔬菜類,結球白菜,12.73,10.90,78423,南投市,10.90,122
103,蔬菜類,結球白菜,12.73,10.90,78423,西螺鎮,9.00,17214
103,蔬菜類,結球白菜,12.73,10.90,78423,高雄市,15.80,3150
103,蔬菜類,結球白菜,12.73,10.90,78423,鳳山區,9.60,2885
103,蔬菜類,結球白菜,12.73,10.90,78423,屏東市,10.00,3550
103,蔬菜類,結球白菜,12.73,10.90,78423,台東市,16.70,752
103,蔬菜類,結球白菜,12.73,10.90,78423,花蓮市,13.60,1254
103,蔬菜類,芹菜,37.17,32.10,14238,台北二,30.90,1756
103,蔬菜類,芹菜,37.17,32.10,14238,台北一,32.80,4523
103,蔬菜類,芹菜,37.17,32.10,14238,三重區,16.00,341
103,蔬菜類,芹菜,37.17,32.10,14238,宜蘭市,29.20,345
103,蔬菜類,芹菜,37.17,32.10,14238,桃園縣 ,21.00,221
103,蔬菜類,芹菜,37.17,32.10,14238,台中市,18.50,537
103,蔬菜類,芹菜,37.17,32.10,14238,永靖鄉,35.70,347
103,蔬菜類,芹菜,37.17,32.10,14238,南投市,34.00,22
103,蔬菜類,芹菜,37.17,32.10,14238,西螺鎮,37.70,3477
103,蔬菜類,芹菜,37.17,32.10,14238,高雄市,39.00,1164
103,蔬菜類,芹菜,37.17,32.10,14238,鳳山區,21.80,230
103,蔬菜類,芹菜,37.17,32.10,14238,屏東市,21.70,825
103,蔬菜類,芹菜,37.17,32.10,14238,台東市,48.90,128
103,蔬菜類,芹菜,37.17,32.10,14238,花蓮市,16.70,6
103,蔬菜類,花椰菜,26.67,21.40,34457,台北二,26.50,2048
103,蔬菜類,花椰菜,26.67,21.40,34457,台北一,28.90,4914
103,蔬菜類,花椰菜,26.67,21.40,34457,三重區,17.30,1172
103,蔬菜類,花椰菜,26.67,21.40,34457,宜蘭市,23.30,759
103,蔬菜類,花椰菜,26.67,21.40,34457,桃園縣 ,17.70,386
103,蔬菜類,花椰菜,26.67,21.40,34457,台中市,16.10,720
103,蔬菜類,花椰菜,26.67,21.40,34457,永靖鄉,17.90,2669
103,蔬菜類,花椰菜,26.67,21.40,34457,溪湖鎮,18.30,12348
103,蔬菜類,花椰菜,26.67,21.40,34457,南投市,16.00,143
103,蔬菜類,花椰菜,26.67,21.40,34457,西螺鎮,20.20,5377
103,蔬菜類,花椰菜,26.67,21.40,34457,高雄市,29.90,1054
103,蔬菜類,花椰菜,26.67,21.40,34457,鳳山區,22.20,697
103,蔬菜類,花椰菜,26.67,21.40,34457,屏東市,23.70,1813
103,蔬菜類,花椰菜,26.67,21.40,34457,台東市,28.50,267
103,蔬菜類,花椰菜,26.67,21.40,34457,花蓮市,17.00,89
103,蔬菜類,茄子,23.89,22.00,21039,台北二,22.90,2190
103,蔬菜類,茄子,23.89,22.00,21039,台北一,23.00,6158
103,蔬菜類,茄子,23.89,22.00,21039,三重區,16.90,820
103,蔬菜類,茄子,23.89,22.00,21039,宜蘭市,20.10,1183
103,蔬菜類,茄子,23.89,22.00,21039,桃園縣 ,15.80,235
103,蔬菜類,茄子,23.89,22.00,21039,台中市,16.60,882
103,蔬菜類,茄子,23.89,22.00,21039,永靖鄉,19.20,754
103,蔬菜類,茄子,23.89,22.00,21039,溪湖鎮,26.00,864
103,蔬菜類,茄子,23.89,22.00,21039,南投市,18.90,123
103,蔬菜類,茄子,23.89,22.00,21039,西螺鎮,25.60,4408
103,蔬菜類,茄子,23.89,22.00,21039,高雄市,29.60,717
103,蔬菜類,茄子,23.89,22.00,21039,鳳山區,15.50,647
103,蔬菜類,茄子,23.89,22.00,21039,屏東市,14.10,1572
103,蔬菜類,茄子,23.89,22.00,21039,台東市,21.80,196
103,蔬菜類,茄子,23.89,22.00,21039,花蓮市,19.60,288
103,蔬菜類,胡瓜,19.52,15.90,23917,台北二,16.10,2352
103,蔬菜類,胡瓜,19.52,15.90,23917,台北一,16.90,5790
103,蔬菜類,胡瓜,19.52,15.90,23917,三重區,11.50,833
103,蔬菜類,胡瓜,19.52,15.90,23917,宜蘭市,14.60,1328
103,蔬菜類,胡瓜,19.52,15.90,23917,桃園縣 ,11.20,239
103,蔬菜類,胡瓜,19.52,15.90,23917,台中市,12.40,722
103,蔬菜類,胡瓜,19.52,15.90,23917,永靖鄉,13.10,1358
103,蔬菜類,胡瓜,19.52,15.90,23917,溪湖鎮,15.60,877
103,蔬菜類,胡瓜,19.52,15.90,23917,南投市,10.80,106
103,蔬菜類,胡瓜,19.52,15.90,23917,西螺鎮,16.80,5575
103,蔬菜類,胡瓜,19.52,15.90,23917,高雄市,19.70,1149
103,蔬菜類,胡瓜,19.52,15.90,23917,鳳山區,15.00,852
103,蔬菜類,胡瓜,19.52,15.90,23917,屏東市,15.40,1921
103,蔬菜類,胡瓜,19.52,15.90,23917,台東市,14.60,337
103,蔬菜類,胡瓜,19.52,15.90,23917,花蓮市,14.70,477
103,蔬菜類,蕃茄,26.64,26.30,32271,台北二,27.00,4367
103,蔬菜類,蕃茄,26.64,26.30,32271,台北一,29.00,13020
103,蔬菜類,蕃茄,26.64,26.30,32271,三重區,19.00,2044
103,蔬菜類,蕃茄,26.64,26.30,32271,宜蘭市,22.30,1768
103,蔬菜類,蕃茄,26.64,26.30,32271,桃園縣 ,17.60,452
103,蔬菜類,蕃茄,26.64,26.30,32271,台中市,19.20,1321
103,蔬菜類,蕃茄,26.64,26.30,32271,永靖鄉,4.00,2
103,蔬菜類,蕃茄,26.64,26.30,32271,溪湖鎮,24.50,546
103,蔬菜類,蕃茄,26.64,26.30,32271,南投市,18.30,131
103,蔬菜類,蕃茄,26.64,26.30,32271,西螺鎮,24.60,4203
103,蔬菜類,蕃茄,26.64,26.30,32271,高雄市,33.30,1781
103,蔬菜類,蕃茄,26.64,26.30,32271,鳳山區,18.50,527
103,蔬菜類,蕃茄,26.64,26.30,32271,屏東市,24.60,961
103,蔬菜類,蕃茄,26.64,26.30,32271,台東市,25.90,395
103,蔬菜類,蕃茄,26.64,26.30,32271,花蓮市,26.20,754
103,蔬菜類,辣椒,55.74,42.60,4854,台北二,45.20,578
103,蔬菜類,辣椒,55.74,42.60,4854,台北一,47.10,1894
103,蔬菜類,辣椒,55.74,42.60,4854,三重區,30.10,181
103,蔬菜類,辣椒,55.74,42.60,4854,桃園縣 ,27.20,66
103,蔬菜類,辣椒,55.74,42.60,4854,台中市,32.90,248
103,蔬菜類,辣椒,55.74,42.60,4854,西螺鎮,44.30,838
103,蔬菜類,辣椒,55.74,42.60,4854,高雄市,49.00,270
103,蔬菜類,辣椒,55.74,42.60,4854,鳳山區,26.70,126
103,蔬菜類,辣椒,55.74,42.60,4854,屏東市,32.00,421
103,蔬菜類,辣椒,55.74,42.60,4854,台東市,39.90,34
103,蔬菜類,辣椒,55.74,42.60,4854,花蓮市,37.90,197
103,蔬菜類,甜椒,27.65,29.30,17530,台北二,31.30,1834
103,蔬菜類,甜椒,27.65,29.30,17530,台北一,34.30,5368
103,蔬菜類,甜椒,27.65,29.30,17530,三重區,20.10,730
103,蔬菜類,甜椒,27.65,29.30,17530,宜蘭市,25.80,1532
103,蔬菜類,甜椒,27.65,29.30,17530,桃園縣 ,19.90,245
103,蔬菜類,甜椒,27.65,29.30,17530,台中市,22.70,864
103,蔬菜類,甜椒,27.65,29.30,17530,永靖鄉,25.00,0
103,蔬菜類,甜椒,27.65,29.30,17530,溪湖鎮,0.00,0
103,蔬菜類,甜椒,27.65,29.30,17530,南投市,20.20,52
103,蔬菜類,甜椒,27.65,29.30,17530,西螺鎮,27.10,3592
103,蔬菜類,甜椒,27.65,29.30,17530,高雄市,33.00,1165
103,蔬菜類,甜椒,27.65,29.30,17530,鳳山區,24.00,375
103,蔬菜類,甜椒,27.65,29.30,17530,屏東市,25.80,1313
103,蔬菜類,甜椒,27.65,29.30,17530,台東市,29.30,196
103,蔬菜類,甜椒,27.65,29.30,17530,花蓮市,30.70,264
103,蔬菜類,豌豆,64.56,66.90,4214,台北二,58.70,515
103,蔬菜類,豌豆,64.56,66.90,4214,台北一,69.70,1520
103,蔬菜類,豌豆,64.56,66.90,4214,三重區,42.10,154
103,蔬菜類,豌豆,64.56,66.90,4214,宜蘭市,47.90,158
103,蔬菜類,豌豆,64.56,66.90,4214,桃園縣 ,44.70,65
103,蔬菜類,豌豆,64.56,66.90,4214,台中市,45.40,125
103,蔬菜類,豌豆,64.56,66.90,4214,永靖鄉,49.70,2
103,蔬菜類,豌豆,64.56,66.90,4214,溪湖鎮,64.30,922
103,蔬菜類,豌豆,64.56,66.90,4214,南投市,59.60,4
103,蔬菜類,豌豆,64.56,66.90,4214,西螺鎮,105.90,297
103,蔬菜類,豌豆,64.56,66.90,4214,高雄市,86.10,200
103,蔬菜類,豌豆,64.56,66.90,4214,鳳山區,35.80,9
103,蔬菜類,豌豆,64.56,66.90,4214,屏東市,56.50,184
103,蔬菜類,豌豆,64.56,66.90,4214,台東市,71.80,46
103,蔬菜類,豌豆,64.56,66.90,4214,花蓮市,69.80,12
103,蔬菜類,菜豆,40.86,34.00,5633,台北二,35.30,447
103,蔬菜類,菜豆,40.86,34.00,5633,台北一,36.20,1465
103,蔬菜類,菜豆,40.86,34.00,5633,三重區,25.40,262
103,蔬菜類,菜豆,40.86,34.00,5633,宜蘭市,23.70,296
103,蔬菜類,菜豆,40.86,34.00,5633,桃園縣 ,27.90,102
103,蔬菜類,菜豆,40.86,34.00,5633,台中市,28.00,217
103,蔬菜類,菜豆,40.86,34.00,5633,永靖鄉,25.10,330
103,蔬菜類,菜豆,40.86,34.00,5633,溪湖鎮,39.70,201
103,蔬菜類,菜豆,40.86,34.00,5633,南投市,30.80,25
103,蔬菜類,菜豆,40.86,34.00,5633,西螺鎮,37.60,1360
103,蔬菜類,菜豆,40.86,34.00,5633,高雄市,49.30,153
103,蔬菜類,菜豆,40.86,34.00,5633,鳳山區,31.10,107
103,蔬菜類,菜豆,40.86,34.00,5633,屏東市,31.30,506
103,蔬菜類,菜豆,40.86,34.00,5633,台東市,35.90,95
103,蔬菜類,菜豆,40.86,34.00,5633,花蓮市,27.40,67
103,蔬菜類,毛豆,13.42,72.10,477,台北二,64.60,50
103,蔬菜類,毛豆,13.42,72.10,477,台北一,75.70,313
103,蔬菜類,毛豆,13.42,72.10,477,三重區,25.10,22
103,蔬菜類,毛豆,13.42,72.10,477,桃園縣 ,23.70,4
103,蔬菜類,毛豆,13.42,72.10,477,台中市,33.00,20
103,蔬菜類,毛豆,13.42,72.10,477,高雄市,99.60,59
103,蔬菜類,毛豆,13.42,72.10,477,鳳山區,29.30,5
103,蔬菜類,毛豆,13.42,72.10,477,屏東市,18.10,3
103,果品類,香蕉,25.97,31.50,28624,台北二,35.70,3451
103,果品類,香蕉,25.97,31.50,28624,台北一,33.70,6511
103,果品類,香蕉,25.97,31.50,28624,三重區,27.70,5817
103,果品類,香蕉,25.97,31.50,28624,宜蘭市,31.20,498
103,果品類,香蕉,25.97,31.50,28624,桃園縣,13.40,1
103,果品類,香蕉,25.97,31.50,28624,台中市,30.90,8397
103,果品類,香蕉,25.97,31.50,28624,東勢鎮,30.80,1
103,果品類,香蕉,25.97,31.50,28624,嘉義市,33.30,409
103,果品類,香蕉,25.97,31.50,28624,高雄市,33.20,980
103,果品類,香蕉,25.97,31.50,28624,鳳山區,29.70,2405
103,果品類,香蕉,25.97,31.50,28624,台東市,31.70,154
103,果品類,?梨,17.53,22.10,49998,台北二,27.10,4402
103,果品類,?梨,17.53,22.10,49998,台北一,26.60,9953
103,果品類,?梨,17.53,22.10,49998,三重區,21.30,11445
103,果品類,?梨,17.53,22.10,49998,宜蘭市,21.50,1708
103,果品類,?梨,17.53,22.10,49998,桃園縣,13.30,78
103,果品類,?梨,17.53,22.10,49998,台中市,19.80,16313
103,果品類,?梨,17.53,22.10,49998,嘉義市,16.50,1004
103,果品類,?梨,17.53,22.10,49998,高雄市,21.80,1863
103,果品類,?梨,17.53,22.10,49998,鳳山區,18.50,3032
103,果品類,?梨,17.53,22.10,49998,台東市,20.10,200
103,果品類,柳橙,19.56,21.10,21772,台北二,23.80,2354
103,果品類,柳橙,19.56,21.10,21772,台北一,24.20,5336
103,果品類,柳橙,19.56,21.10,21772,三重區,20.30,4942
103,果品類,柳橙,19.56,21.10,21772,宜蘭市,19.60,666
103,果品類,柳橙,19.56,21.10,21772,桃園縣,0.00,0
103,果品類,柳橙,19.56,21.10,21772,台中市,19.90,5288
103,果品類,柳橙,19.56,21.10,21772,嘉義市,20.80,199
103,果品類,柳橙,19.56,21.10,21772,高雄市,19.00,821
103,果品類,柳橙,19.56,21.10,21772,鳳山區,16.30,2075
103,果品類,柳橙,19.56,21.10,21772,台東市,18.10,91
103,果品類,椪柑,34.31,25.00,24578,台北二,30.10,2249
103,果品類,椪柑,34.31,25.00,24578,台北一,27.40,4639
103,果品類,椪柑,34.31,25.00,24578,三重區,21.10,6365
103,果品類,椪柑,34.31,25.00,24578,宜蘭市,28.10,495
103,果品類,椪柑,34.31,25.00,24578,桃園縣,17.40,3
103,果品類,椪柑,34.31,25.00,24578,台中市,25.90,6293
103,果品類,椪柑,34.31,25.00,24578,東勢鎮,29.90,647
103,果品類,椪柑,34.31,25.00,24578,嘉義市,31.40,321
103,果品類,椪柑,34.31,25.00,24578,高雄市,26.90,1546
103,果品類,椪柑,34.31,25.00,24578,鳳山區,17.80,1966
103,果品類,椪柑,34.31,25.00,24578,台東市,25.10,56
103,果品類,桶柑,44.96,34.70,9097,台北二,39.00,1177
103,果品類,桶柑,44.96,34.70,9097,台北一,40.00,1724
103,果品類,桶柑,44.96,34.70,9097,三重區,30.10,3612
103,果品類,桶柑,44.96,34.70,9097,宜蘭市,34.50,377
103,果品類,桶柑,44.96,34.70,9097,桃園縣,49.40,1
103,果品類,桶柑,44.96,34.70,9097,台中市,38.90,1079
103,果品類,桶柑,44.96,34.70,9097,東勢鎮,41.40,374
103,果品類,桶柑,44.96,34.70,9097,嘉義市,35.90,70
103,果品類,桶柑,44.96,34.70,9097,高雄市,30.30,335
103,果品類,桶柑,44.96,34.70,9097,鳳山區,26.20,338
103,果品類,桶柑,44.96,34.70,9097,台東市,27.20,11
103,果品類,檸檬,48.19,43.40,6711,台北二,47.00,671
103,果品類,檸檬,48.19,43.40,6711,台北一,46.60,1703
103,果品類,檸檬,48.19,43.40,6711,三重區,37.10,1250
103,果品類,檸檬,48.19,43.40,6711,宜蘭市,35.90,328
103,果品類,檸檬,48.19,43.40,6711,桃園縣,26.20,15
103,果品類,檸檬,48.19,43.40,6711,台中市,45.00,1571
103,果品類,檸檬,48.19,43.40,6711,東勢鎮,34.50,19
103,果品類,檸檬,48.19,43.40,6711,嘉義市,46.30,205
103,果品類,檸檬,48.19,43.40,6711,高雄市,47.70,262
103,果品類,檸檬,48.19,43.40,6711,鳳山區,40.80,647
103,果品類,檸檬,48.19,43.40,6711,台東市,44.00,42
103,果品類,葡萄柚,17.70,24.00,3774,台北二,24.60,426
103,果品類,葡萄柚,17.70,24.00,3774,台北一,23.70,886
103,果品類,葡萄柚,17.70,24.00,3774,三重區,20.20,710
103,果品類,葡萄柚,17.70,24.00,3774,宜蘭市,17.50,64
103,果品類,葡萄柚,17.70,24.00,3774,桃園縣,25.00,0
103,果品類,葡萄柚,17.70,24.00,3774,台中市,31.70,820
103,果品類,葡萄柚,17.70,24.00,3774,東勢鎮,16.60,0
103,果品類,葡萄柚,17.70,24.00,3774,嘉義市,20.10,189
103,果品類,葡萄柚,17.70,24.00,3774,高雄市,21.20,547
103,果品類,葡萄柚,17.70,24.00,3774,鳳山區,16.80,132
103,果品類,葡萄,74.61,58.00,11056,台北二,55.40,860
103,果品類,葡萄,74.61,58.00,11056,台北一,67.50,2021
103,果品類,葡萄,74.61,58.00,11056,三重區,48.30,2814
103,果品類,葡萄,74.61,58.00,11056,宜蘭市,65.10,459
103,果品類,葡萄,74.61,58.00,11056,桃園縣,28.70,24
103,果品類,葡萄,74.61,58.00,11056,台中市,58.60,3498
103,果品類,葡萄,74.61,58.00,11056,東勢鎮,41.70,2
103,果品類,葡萄,74.61,58.00,11056,嘉義市,66.30,271
103,果品類,葡萄,74.61,58.00,11056,高雄市,58.00,567
103,果品類,葡萄,74.61,58.00,11056,鳳山區,64.30,459
103,果品類,葡萄,74.61,58.00,11056,台東市,64.70,79
103,果品類,木瓜,31.36,27.80,39241,台北二,31.00,5113
103,果品類,木瓜,31.36,27.80,39241,台北一,29.60,9789
103,果品類,木瓜,31.36,27.80,39241,三重區,28.70,9000
103,果品類,木瓜,31.36,27.80,39241,宜蘭市,25.40,2334
103,果品類,木瓜,31.36,27.80,39241,桃園縣,13.70,36
103,果品類,木瓜,31.36,27.80,39241,台中市,29.40,8049
103,果品類,木瓜,31.36,27.80,39241,嘉義市,30.30,811
103,果品類,木瓜,31.36,27.80,39241,高雄市,31.10,1409
103,果品類,木瓜,31.36,27.80,39241,鳳山區,29.10,1432
103,果品類,木瓜,31.36,27.80,39241,台東市,31.30,132
103,果品類,桃子,60.44,97.40,7010,台北二,107.90,675
103,果品類,桃子,60.44,97.40,7010,台北一,106.00,1257
103,果品類,桃子,60.44,97.40,7010,三重區,118.10,1779
103,果品類,桃子,60.44,97.40,7010,宜蘭市,44.70,114
103,果品類,桃子,60.44,97.40,7010,桃園縣,17.90,1
103,果品類,桃子,60.44,97.40,7010,台中市,85.70,1706
103,果品類,桃子,60.44,97.40,7010,東勢鎮,51.50,774
103,果品類,桃子,60.44,97.40,7010,嘉義市,108.90,178
103,果品類,桃子,60.44,97.40,7010,高雄市,107.00,524
103,果品類,桃子,60.44,97.40,7010,鳳山區,27.10,2
103,果品類,桃子,60.44,97.40,7010,台東市,0.00,0
103,果品類,楊桃,34.31,24.20,2397,台北二,33.60,292
103,果品類,楊桃,34.31,24.20,2397,台北一,25.60,502
103,果品類,楊桃,34.31,24.20,2397,三重區,16.40,803
103,果品類,楊桃,34.31,24.20,2397,宜蘭市,0.00,0
103,果品類,楊桃,34.31,24.20,2397,台中市,28.40,629
103,果品類,楊桃,34.31,24.20,2397,東勢鎮,0.00,0
103,果品類,楊桃,34.31,24.20,2397,嘉義市,24.70,79
103,果品類,楊桃,34.31,24.20,2397,高雄市,25.50,92
103,果品類,楊桃,34.31,24.20,2397,鳳山區,0.00,0
103,果品類,梨,55.46,47.20,34958,台北二,47.20,2798
103,果品類,梨,55.46,47.20,34958,台北一,45.00,5092
103,果品類,梨,55.46,47.20,34958,三重區,41.30,7277
103,果品類,梨,55.46,47.20,34958,宜蘭市,43.40,362
103,果品類,梨,55.46,47.20,34958,桃園縣,30.50,7
103,果品類,梨,55.46,47.20,34958,台中市,48.70,6755
103,果品類,梨,55.46,47.20,34958,東勢鎮,49.50,8947
103,果品類,梨,55.46,47.20,34958,嘉義市,72.40,812
103,果品類,梨,55.46,47.20,34958,高雄市,53.40,2103
103,果品類,梨,55.46,47.20,34958,鳳山區,37.30,758
103,果品類,梨,55.46,47.20,34958,台東市,45.90,45
103,果品類,蓮霧,64.89,47.70,20126,台北二,64.10,2199
103,果品類,蓮霧,64.89,47.70,20126,台北一,57.40,4064
103,果品類,蓮霧,64.89,47.70,20126,三重區,40.40,5898
103,果品類,蓮霧,64.89,47.70,20126,宜蘭市,53.20,1233
103,果品類,蓮霧,64.89,47.70,20126,桃園縣,33.20,0
103,果品類,蓮霧,64.89,47.70,20126,台中市,42.40,4930
103,果品類,蓮霧,64.89,47.70,20126,東勢鎮,0.00,0
103,果品類,蓮霧,64.89,47.70,20126,嘉義市,51.60,357
103,果品類,蓮霧,64.89,47.70,20126,高雄市,42.90,746
103,果品類,蓮霧,64.89,47.70,20126,鳳山區,31.90,667
103,果品類,蓮霧,64.89,47.70,20126,台東市,36.80,32
103,果品類,芒果,54.68,41.00,26242,台北二,49.10,2961
103,果品類,芒果,54.68,41.00,26242,台北一,48.20,5122
103,果品類,芒果,54.68,41.00,26242,三重區,38.30,7035
103,果品類,芒果,54.68,41.00,26242,宜蘭市,40.00,1445
103,果品類,芒果,54.68,41.00,26242,桃園縣,20.50,3
103,果品類,芒果,54.68,41.00,26242,台中市,37.70,6732
103,果品類,芒果,54.68,41.00,26242,嘉義市,41.40,677
103,果品類,芒果,54.68,41.00,26242,高雄市,38.00,958
103,果品類,芒果,54.68,41.00,26242,鳳山區,27.80,1214
103,果品類,芒果,54.68,41.00,26242,台東市,38.30,95
103,果品類,番石榴,27.75,29.10,51869,台北二,32.80,7201
103,果品類,番石榴,27.75,29.10,51869,台北一,34.00,13601
103,果品類,番石榴,27.75,29.10,51869,三重區,26.70,15815
103,果品類,番石榴,27.75,29.10,51869,宜蘭市,24.40,1795
103,果品類,番石榴,27.75,29.10,51869,桃園縣,20.10,45
103,果品類,番石榴,27.75,29.10,51869,台中市,26.70,10398
103,果品類,番石榴,27.75,29.10,51869,東勢鎮,28.10,1
103,果品類,番石榴,27.75,29.10,51869,嘉義市,23.50,511
103,果品類,番石榴,27.75,29.10,51869,高雄市,25.00,496
103,果品類,番石榴,27.75,29.10,51869,鳳山區,19.50,1845
103,果品類,番石榴,27.75,29.10,51869,台東市,25.20,161
103,果品類,西瓜,15.68,12.40,89752,台北二,13.70,5613
103,果品類,西瓜,15.68,12.40,89752,台北一,11.40,18029
103,果品類,西瓜,15.68,12.40,89752,三重區,11.20,21078
103,果品類,西瓜,15.68,12.40,89752,宜蘭市,12.40,1249
103,果品類,西瓜,15.68,12.40,89752,桃園縣,9.40,35
103,果品類,西瓜,15.68,12.40,89752,台中市,13.30,18355
103,果品類,西瓜,15.68,12.40,89752,嘉義市,12.50,8101
103,果品類,西瓜,15.68,12.40,89752,高雄市,14.30,6216
103,果品類,西瓜,15.68,12.40,89752,鳳山區,13.00,10826
103,果品類,西瓜,15.68,12.40,89752,台東市,13.50,251
103,果品類,梅,36.28,36.30,1431,台北二,37.60,144
103,果品類,梅,36.28,36.30,1431,台北一,40.00,166
103,果品類,梅,36.28,36.30,1431,三重區,32.30,215
103,果品類,梅,36.28,36.30,1431,宜蘭市,36.20,92
103,果品類,梅,36.28,36.30,1431,桃園縣,26.60,1
103,果品類,梅,36.28,36.30,1431,台中市,42.00,359
103,果品類,梅,36.28,36.30,1431,東勢鎮,44.80,93
103,果品類,梅,36.28,36.30,1431,嘉義市,35.70,50
103,果品類,梅,36.28,36.30,1431,高雄市,30.00,81
103,果品類,梅,36.28,36.30,1431,鳳山區,26.80,230
103,果品類,荔枝,49.76,37.40,8971,台北二,47.50,694
103,果品類,荔枝,49.76,37.40,8971,台北一,48.70,1508
103,果品類,荔枝,49.76,37.40,8971,三重區,31.80,3026
103,果品類,荔枝,49.76,37.40,8971,宜蘭市,36.40,115
103,果品類,荔枝,49.76,37.40,8971,桃園縣,25.70,2
103,果品類,荔枝,49.76,37.40,8971,台中市,37.90,2625
103,果品類,荔枝,49.76,37.40,8971,嘉義市,23.40,279
103,果品類,荔枝,49.76,37.40,8971,高雄市,35.20,391
103,果品類,荔枝,49.76,37.40,8971,鳳山區,25.70,314
103,果品類,荔枝,49.76,37.40,8971,台東市,32.30,19
103,果品類,龍眼,33.87,27.70,6505,台北二,33.80,613
103,果品類,龍眼,33.87,27.70,6505,台北一,32.80,1346
103,果品類,龍眼,33.87,27.70,6505,三重區,24.80,2186
103,果品類,龍眼,33.87,27.70,6505,宜蘭市,28.90,118
103,果品類,龍眼,33.87,27.70,6505,桃園縣,17.20,0
103,果品類,龍眼,33.87,27.70,6505,台中市,25.80,1512
103,果品類,龍眼,33.87,27.70,6505,東勢區,13.30,0
103,果品類,龍眼,33.87,27.70,6505,嘉義市,20.30,105
103,果品類,龍眼,33.87,27.70,6505,高雄市,28.30,332
103,果品類,龍眼,33.87,27.70,6505,鳳山區,23.10,294
103,果品類,龍眼,33.87,27.70,6505,台東市,0.00,0
103,果品類,李,38.34,47.80,2719,台北二,53.20,240
103,果品類,李,38.34,47.80,2719,台北一,48.30,562
103,果品類,李,38.34,47.80,2719,三重區,43.80,659
103,果品類,李,38.34,47.80,2719,宜蘭市,23.70,74
103,果品類,李,38.34,47.80,2719,桃園縣,20.30,1
103,果品類,李,38.34,47.80,2719,台中市,54.70,668
103,果品類,李,38.34,47.80,2719,東勢鎮,37.10,123
103,果品類,李,38.34,47.80,2719,嘉義市,48.70,43
103,果品類,李,38.34,47.80,2719,高雄市,60.20,173
103,果品類,李,38.34,47.80,2719,鳳山區,32.70,176
103,果品類,棗子,55.09,48.80,11310,台北二,61.70,1152
103,果品類,棗子,55.09,48.80,11310,台北一,58.20,2737
103,果品類,棗子,55.09,48.80,11310,三重區,40.30,2698
103,果品類,棗子,55.09,48.80,11310,宜蘭市,53.90,669
103,果品類,棗子,55.09,48.80,11310,桃園縣,25.40,4
103,果品類,棗子,55.09,48.80,11310,台中市,45.20,3191
103,果品類,棗子,55.09,48.80,11310,嘉義市,44.70,168
103,果品類,棗子,55.09,48.80,11310,高雄市,45.00,283
103,果品類,棗子,55.09,48.80,11310,鳳山區,30.90,385
103,果品類,棗子,55.09,48.80,11310,台東市,38.30,22
103,果品類,柿子,56.58,54.10,12424,台北二,50.10,1299
103,果品類,柿子,56.58,54.10,12424,台北一,54.60,1939
103,果品類,柿子,56.58,54.10,12424,三重區,39.30,2956
103,果品類,柿子,56.58,54.10,12424,宜蘭市,54.90,196
103,果品類,柿子,56.58,54.10,12424,桃園縣,60.10,0
103,果品類,柿子,56.58,54.10,12424,台中市,57.30,1907
103,果品類,柿子,56.58,54.10,12424,東勢鎮,76.30,2583
103,果品類,柿子,56.58,54.10,12424,嘉義市,47.20,396
103,果品類,柿子,56.58,54.10,12424,高雄市,48.30,635
103,果品類,柿子,56.58,54.10,12424,鳳山區,35.90,475
103,果品類,柿子,56.58,54.10,12424,台東市,36.10,37
103,花卉類,菊花,5.76,55.50,12025,台北市場,61.30,3554
103,花卉類,菊花,5.76,55.50,12025,台中市場,49.20,954
103,花卉類,菊花,5.76,55.50,12025,彰化市場,52.30,3072
103,花卉類,菊花,5.76,55.50,12025,台南市場,52.60,2295
103,花卉類,菊花,5.76,55.50,12025,高雄市場,56.20,2150
103,花卉類,玫瑰,5.96,97.10,2964,台北市場,106.40,1383
103,花卉類,玫瑰,5.96,97.10,2964,台中市場,98.20,356
103,花卉類,玫瑰,5.96,97.10,2964,彰化市場,86.20,420
103,花卉類,玫瑰,5.96,97.10,2964,台南市場,82.10,358
103,花卉類,玫瑰,5.96,97.10,2964,高雄市場,89.50,448
103,花卉類,火鶴,11.15,10.60,10416,台北市場,10.60,4004
103,花卉類,火鶴,11.15,10.60,10416,台中市場,9.50,1502
103,花卉類,火鶴,11.15,10.60,10416,彰化市場,11.80,1734
103,花卉類,火鶴,11.15,10.60,10416,台南市場,10.00,2012
103,花卉類,火鶴,11.15,10.60,10416,高雄市場,11.60,1164
103,花卉類,唐昌蒲,5.16,99.20,1349,台北市場,116.70,404
103,花卉類,唐昌蒲,5.16,99.20,1349,台中市場,79.80,84
103,花卉類,唐昌蒲,5.16,99.20,1349,彰化市場,90.70,273
103,花卉類,唐昌蒲,5.16,99.20,1349,台南市場,91.80,306
103,花卉類,唐昌蒲,5.16,99.20,1349,高雄市場,96.20,283
103,花卉類,百合,29.21,134.50,10901,台北市場,137.60,4640
103,花卉類,百合,29.21,134.50,10901,台中市場,129.60,964
103,花卉類,百合,29.21,134.50,10901,彰化市場,132.00,1730
103,花卉類,百合,29.21,134.50,10901,台南市場,130.20,1857
103,花卉類,百合,29.21,134.50,10901,高雄市場,136.20,1710
103,花卉類,康乃馨,3.68,41.60,2024,台北市場,44.60,864
103,花卉類,康乃馨,3.68,41.60,2024,台中市場,39.70,223
103,花卉類,康乃馨,3.68,41.60,2024,彰化市場,38.70,292
103,花卉類,康乃馨,3.68,41.60,2024,台南市場,38.80,336
103,花卉類,康乃馨,3.68,41.60,2024,高雄市場,40.20,307
103,花卉類,文心蘭,6.84,58.40,989,台北市場,60.40,429
103,花卉類,文心蘭,6.84,58.40,989,台中市場,50.40,83
103,花卉類,文心蘭,6.84,58.40,989,彰化市場,62.20,205
103,花卉類,文心蘭,6.84,58.40,989,台南市場,54.50,145
103,花卉類,文心蘭,6.84,58.40,989,高雄市場,54.90,126
103,稻米及雜糧作物,落花生,65.02,47.90,511,台北二,57.20,75
103,稻米及雜糧作物,落花生,65.02,47.90,511,台北一,54.40,267
103,稻米及雜糧作物,落花生,65.02,47.90,511,三重市,36.80,41
103,稻米及雜糧作物,落花生,65.02,47.90,511,桃園縣,40.90,21
103,稻米及雜糧作物,落花生,65.02,47.90,511,台中市,37.30,37
103,稻米及雜糧作物,落花生,65.02,47.90,511,高雄市,42.60,31
103,稻米及雜糧作物,落花生,65.02,47.90,511,鳳山市,7.10,11
103,稻米及雜糧作物,落花生,65.02,47.90,511,屏東市,11.40,24
103,稻米及雜糧作物,落花生,65.02,47.90,511,花蓮市,58.40,5
103,稻米及雜糧作物,甘藷,21.68,20.10,17255,台北二,20.60,1995
103,稻米及雜糧作物,甘藷,21.68,20.10,17255,台北一,20.20,5283
103,稻米及雜糧作物,甘藷,21.68,20.10,17255,三重市,14.10,877
103,稻米及雜糧作物,甘藷,21.68,20.10,17255,宜蘭市,17.40,337
103,稻米及雜糧作物,甘藷,21.68,20.10,17255,桃園縣,15.20,245
103,稻米及雜糧作物,甘藷,21.68,20.10,17255,台中市,16.10,667
103,稻米及雜糧作物,甘藷,21.68,20.10,17255,西螺鎮,22.50,4768
103,稻米及雜糧作物,甘藷,21.68,20.10,17255,高雄市,22.40,1498
103,稻米及雜糧作物,甘藷,21.68,20.10,17255,鳳山市,14.50,411
103,稻米及雜糧作物,甘藷,21.68,20.10,17255,屏東市,17.60,700
103,稻米及雜糧作物,甘藷,21.68,20.10,17255,台東市,19.60,155
103,稻米及雜糧作物,甘藷,21.68,20.10,17255,花蓮市,13.70,318

