year,type,category,category_name,status,num_weight,pic
102,蔬菜類,蘿蔔,蘿蔔、婆羅門參及類似食用根菜(生鮮或冷藏),進口,25905469,208575
103,蔬菜類,蘿蔔,蘿蔔、婆羅門參及類似食用根菜(生鮮或冷藏),進口,24501427,195781
102,蔬菜類,胡蘿蔔,胡蘿蔔及蕪菁(生鮮或冷藏),出口,8435733,91281
102,蔬菜類,胡蘿蔔,蘿蔔、婆羅門參及類似食用根菜(生鮮或冷藏),進口,1692688,31205
103,蔬菜類,胡蘿蔔,胡蘿蔔及蕪菁(生鮮或冷藏),進口,853938,22162
102,蔬菜類,胡蘿蔔,胡蘿蔔(冷凍),進口,280156,8400
103,蔬菜類,胡蘿蔔,胡蘿蔔(冷凍),進口,446844,12699
102,蔬菜類,馬鈴薯,馬鈴薯(生鮮或冷藏),進口,20985713,250182
102,蔬菜類,馬鈴薯,馬鈴薯(冷凍),進口,2320297,65422
102,蔬菜類,馬鈴薯,馬鈴薯澱粉,進口,39706000,894068
102,蔬菜類,馬鈴薯,馬鈴薯(酸漬除外之調製或保藏),進口,52975338,2128080
102,蔬菜類,馬鈴薯,馬鈴薯(細片磨粉及其細粒),進口,2062205,99694
103,蔬菜類,馬鈴薯,馬鈴薯(生鮮或冷藏),進口,14514051,180022
103,蔬菜類,馬鈴薯,馬鈴薯(冷凍),進口,1596204,51168
103,蔬菜類,馬鈴薯,馬鈴薯澱粉,進口,25082000,667774
103,蔬菜類,馬鈴薯,馬鈴薯(酸漬除外之調製或保藏),進口,52689068,2137089
103,蔬菜類,馬鈴薯,馬鈴薯(細片磨粉及其細粒),進口,1739066,82530
102,蔬菜類,洋蔥,洋蔥(生鮮或冷藏),進口,6215891,622744
102,蔬菜類,洋蔥,乾洋蔥,進口,320126,20185
102,蔬菜類,洋蔥,洋蔥(醋或醋酸調製或保藏),進口,14761,1296
102,蔬菜類,洋蔥,洋蔥種子,進口,5921,22883
103,蔬菜類,洋蔥,洋蔥(生鮮或冷藏),進口,48426720,516390
103,蔬菜類,洋蔥,乾洋蔥,進口,488474,26629
103,蔬菜類,洋蔥,洋蔥(醋或醋酸調製或保藏),進口,12989,1095
103,蔬菜類,洋蔥,洋蔥種子,進口,4781,22139
102,蔬菜類,洋菇,洋菇(生鮮或冷藏),進口,39827,3079
102,蔬菜類,洋菇,洋菇(冷凍),進口,2812,1539
102,蔬菜類,洋菇,乾洋菇,進口,3824,482
102,蔬菜類,洋菇,洋菇(暫時保藏),進口,664644,27279
103,蔬菜類,洋菇,洋菇(生鮮或冷藏),進口,131012,10309
103,蔬菜類,洋菇,洋菇(冷凍),進口,2928,1450
103,蔬菜類,洋菇,乾洋菇,進口,11314,1225
103,蔬菜類,洋菇,洋菇(暫時保藏),進口,516510,27757
102,蔬菜類,蔥,分蔥(生鮮或冷藏),進口,157841,1516
102,蔬菜類,蔥,韭蔥及其他蔥屬蔬菜(生鮮或冷藏),進口,11629,1544
102,蔬菜類,蔥,乾分蔥,進口,743522,11583
103,蔬菜類,蔥,分蔥(生鮮或冷藏),進口,56980,729
103,蔬菜類,蔥,韭蔥及其他蔥屬蔬菜(生鮮或冷藏),進口,8522,1742
103,蔬菜類,蔥,乾分蔥,進口,1010713,18676
102,蔬菜類,蒜,大蒜(生鮮或冷藏),進口,4637802,143526
103,蔬菜類,蒜,大蒜(生鮮或冷藏),進口,5822145,167943
102,蔬菜類,蒜頭,乾蒜球,進口,65057,4727
103,蔬菜類,蒜頭,乾蒜球,進口,84735,6028
102,蔬菜類,蒜頭,蒜球(酸漬除外之調製或保藏),進口,1189740,11092
103,蔬菜類,蒜頭,蒜球(酸漬除外之調製或保藏),進口,1461656,29720
102,蔬菜類,蒜頭,蒜球(醋或醋酸調製或保藏),進口,1294,105
103,蔬菜類,蒜頭,蒜球(醋或醋酸調製或保藏),進口,1287,149
102,蔬菜類,薑,薑,進口,954461,18745
103,蔬菜類,薑,薑,進口,803544,24612
102,蔬菜類,蘆筍,蘆筍(生鮮或冷藏),進口,2347516,164625
103,蔬菜類,蘆筍,蘆筍(生鮮或冷藏),進口,3582206,251539
102,蔬菜類,蘆筍,蘆筍(酸漬除外之調製或保藏),進口,2219,315
103,蔬菜類,蘆筍,蘆筍(酸漬除外之調製或保藏),進口,790,115
102,蔬菜類,蘆筍,蘆筍罐頭,進口,21990,715
103,蔬菜類,蘆筍,蘆筍罐頭,進口,11775,359
102,蔬菜類,蘆筍,蘆筍(冷凍),進口,17,8
103,蔬菜類,蘆筍,蘆筍(冷凍),進口,4042,153
102,蔬菜類,蘆筍,蘆筍種子,進口,363,311
103,蔬菜類,蘆筍,蘆筍種子,進口,580,528
102,蔬菜類,竹筍,竹筍(生鮮或冷藏),進口,0,0
103,蔬菜類,竹筍,竹筍(生鮮或冷藏),進口,0,0
102,蔬菜類,竹筍,竹筍(暫時保藏),進口,0,0
103,蔬菜類,竹筍,竹筍(暫時保藏),進口,5,1
102,蔬菜類,竹筍,竹筍(冷凍),進口,0,0
103,蔬菜類,竹筍,竹筍(冷凍),進口,0,0
102,蔬菜類,竹筍,竹筍(酸漬除外之調製或保藏),進口,6834082,68084
103,蔬菜類,竹筍,竹筍(酸漬除外之調製或保藏),進口,5819132,61616
102,蔬菜類,竹筍,竹筍罐頭,進口,102461,1540
103,蔬菜類,竹筍,竹筍罐頭,進口,224773,3457
102,蔬菜類,甘藍,孢子甘藍(生鮮或冷藏),進口,390,53
103,蔬菜類,甘藍,孢子甘藍(生鮮或冷藏),進口,9540,1948
102,蔬菜類,甘藍,球莖甘藍及可供食用蕓苔屬蔬菜(生鮮或冷藏),進口,36096437,233130
103,蔬菜類,甘藍,球莖甘藍及可供食用蕓苔屬蔬菜(生鮮或冷藏),進口,24451324,168887
102,蔬菜類,白菜,白菜(生鮮或冷藏),進口,14248825,140915
103,蔬菜類,白菜,白菜(生鮮或冷藏),進口,20614102,225443
102,蔬菜類,芹菜,芹菜(生鮮或冷藏),進口,6902966,77281
103,蔬菜類,芹菜,芹菜(生鮮或冷藏),進口,6748807,79922
102,蔬菜類,花椰菜,花椰(青花)菜(生鮮或冷藏),進口,14005874,301167
103,蔬菜類,花椰菜,花椰(青花)菜(生鮮或冷藏),進口,13877730,301669
102,蔬菜類,花椰菜,花椰(青花)菜(冷凍),進口,4144252,72691
103,蔬菜類,花椰菜,花椰(青花)菜(冷凍),進口,3129608,60786
102,蔬菜類,茄子,茄子(生鮮或冷藏),進口,0,0
103,蔬菜類,茄子,茄子(生鮮或冷藏),進口,0,0
102,蔬菜類,茄子,茄子種子,進口,1435,2528
103,蔬菜類,茄子,茄子種子,進口,1108,2441
102,蔬菜類,胡瓜,胡瓜(生鮮或冷藏),進口,236,36
103,蔬菜類,胡瓜,胡瓜(生鮮或冷藏),進口,6446,1811
102,蔬菜類,胡瓜,胡瓜(暫時保藏),進口,0,0
103,蔬菜類,胡瓜,胡瓜(暫時保藏),進口,0,0
102,蔬菜類,胡瓜,胡瓜(醋或醋酸之調製或保藏),進口,892749,37564
103,蔬菜類,胡瓜,胡瓜(醋或醋酸之調製或保藏),進口,888283,27752
102,蔬菜類,胡瓜,胡瓜罐頭,進口,96254,4363
103,蔬菜類,胡瓜,胡瓜罐頭,進口,119380,5774
102,蔬菜類,蕃茄,蕃茄(生鮮或冷藏),進口,26518,5741
103,蔬菜類,蕃茄,蕃茄(生鮮或冷藏),進口,42036,8399
102,蔬菜類,蕃茄,蕃茄(酸漬除外之調製或保藏),進口,8146975,220221
103,蔬菜類,蕃茄,蕃茄(酸漬除外之調製或保藏),進口,6123747,195486
102,蔬菜類,蕃茄,蕃茄汁,進口,296810,8350
103,蔬菜類,蕃茄,蕃茄汁,進口,336886,9570
102,蔬菜類,蕃茄,蕃茄醬,進口,4136439,150134
103,蔬菜類,蕃茄,蕃茄醬,進口,4533367,172347
102,蔬菜類,蕃茄,蕃茄罐頭,進口,3775124,98936
103,蔬菜類,蕃茄,蕃茄罐頭,進口,4540401,128120
102,蔬菜類,蕃茄,蕃茄種子,進口,2121,48567
103,蔬菜類,蕃茄,蕃茄種子,進口,3369,56247
102,蔬菜類,番椒,甜椒及辣椒(生鮮或冷藏),進口,236,4141
103,蔬菜類,番椒,甜椒及辣椒(生鮮或冷藏),進口,96,3721
102,蔬菜類,番椒,甜椒種子,進口,699,10104
103,蔬菜類,番椒,甜椒種子,進口,902,15216
102,蔬菜類,豌豆,豌豆(生鮮或冷藏),進口,2563779,79621
103,蔬菜類,豌豆,豌豆(生鮮或冷藏),進口,2188784,80095
102,蔬菜類,豌豆,豌豆(冷凍),進口,2276847,55026
103,蔬菜類,豌豆,豌豆(冷凍),進口,2046732,61648
102,蔬菜類,豌豆,乾豌豆,進口,19450170,316137
103,蔬菜類,豌豆,乾豌豆,進口,16756670,263907
102,蔬菜類,豌豆,豌豆種子,進口,612499,20695
103,蔬菜類,豌豆,豌豆種子,進口,1561402,32850
102,蔬菜類,豌豆,豌豆(酸漬除外之調製或保藏),進口,389518,19348
103,蔬菜類,豌豆,豌豆(酸漬除外之調製或保藏),進口,420108,17213
102,蔬菜類,菜豆,菜(豇)豆(生鮮或冷藏),進口,0,0
103,蔬菜類,菜豆,菜(豇)豆(生鮮或冷藏),進口,0,0
102,蔬菜類,菜豆,菜(豇)豆(冷凍),進口,1858000,32364
103,蔬菜類,菜豆,菜(豇)豆(冷凍),進口,1557500,28344
102,蔬菜類,菜豆,乾菜(豇)豆 ,進口,3102697,49066
103,蔬菜類,菜豆,乾菜(豇)豆 ,進口,3053205,69394
102,蔬菜類,菜豆,菜豆種子,進口,24282,5886
103,蔬菜類,菜豆,菜豆種子,進口,11211,2121
102,蔬菜類,毛豆,毛豆(生鮮或冷藏),進口,0,0
103,蔬菜類,毛豆,毛豆(生鮮或冷藏),進口,0,0
102,蔬菜類,毛豆,毛豆(冷凍),進口,50100,1080
103,蔬菜類,毛豆,毛豆(冷凍),進口,126020,2531
102,稻米及雜糧作物,稻米,稻米,進口,117865,2304296
103,稻米及雜糧作物,稻米,稻米,進口,108747,2200708
102,稻米及雜糧作物,稻米,稻米粉 ,進口,2897,46293
103,稻米及雜糧作物,稻米,稻米粉 ,進口,4096,70695
102,稻米及雜糧作物,小麥,小麥,進口,1316956,14584635
103,稻米及雜糧作物,小麥,小麥,進口,1288885,13836240
102,稻米及雜糧作物,小麥,小麥(細粒及團粒),進口,144,2715
103,稻米及雜糧作物,小麥,小麥(細粒及團粒),進口,163,2552
102,稻米及雜糧作物,小麥,小麥(滾壓細片或加工),進口,20,486
103,稻米及雜糧作物,小麥,小麥(滾壓細片或加工),進口,27,866
102,稻米及雜糧作物,小麥,小麥(澱)粉,進口,18392,369735
103,稻米及雜糧作物,小麥,小麥(澱)粉,進口,22292,440417
102,稻米及雜糧作物,其他穀物,大麥,進口,47350,442471
103,稻米及雜糧作物,其他穀物,大麥,進口,0,0
102,稻米及雜糧作物,其他穀物,燕麥,進口,34,468
103,稻米及雜糧作物,其他穀物,燕麥,進口,0,0
102,稻米及雜糧作物,其他穀物,其他穀物,進口,6618,58660
103,稻米及雜糧作物,其他穀物,其他穀物,進口,0,591
102,稻米及雜糧作物,其他穀物,其他穀物團粒,進口,0,0
103,稻米及雜糧作物,其他穀物,其他穀物團粒,進口,1,36
102,稻米及雜糧作物,其他穀物,其他穀粉,進口,58,4052
103,稻米及雜糧作物,其他穀物,其他穀粉,進口,157,6677
102,稻米及雜糧作物,高梁,高梁,進口,0,0
103,稻米及雜糧作物,高梁,高梁,進口,0,0
102,稻米及雜糧作物,大豆,大(黃)豆,進口,2140103,38171306
103,稻米及雜糧作物,大豆,大(黃)豆,進口,2374019,40832884
102,稻米及雜糧作物,大豆,大(黃)豆(磨粉及其細粒),進口,1905,81148
103,稻米及雜糧作物,大豆,大(黃)豆(磨粉及其細粒),進口,3803,97505
102,稻米及雜糧作物,綠豆,乾綠豆,進口,24217,552931
103,稻米及雜糧作物,綠豆,乾綠豆,進口,19185,552037
102,稻米及雜糧作物,紅豆,乾紅豆,進口,2847,78326
103,稻米及雜糧作物,紅豆,乾紅豆,進口,2009,76148
102,稻米及雜糧作物,紅豆,紅豆粉,進口,0,0
103,稻米及雜糧作物,紅豆,紅豆粉,進口,0,0
102,稻米及雜糧作物,玉米,飼料用玉米,進口,3960881,34152497
103,稻米及雜糧作物,玉米,飼料用玉米,進口,4001221,29631526
102,稻米及雜糧作物,玉米,玉蜀黍及其種子,進口,102064,1051715
103,稻米及雜糧作物,玉米,玉蜀黍及其種子,進口,175461,1391603
102,稻米及雜糧作物,玉米,玉米(粗碾去殼及其細粒),進口,1407,23522
103,稻米及雜糧作物,玉米,玉米(粗碾去殼及其細粒),進口,1563,24578
102,稻米及雜糧作物,玉米,玉米粉,進口,2523,83011
103,稻米及雜糧作物,玉米,玉米粉,進口,2802,89891
102,稻米及雜糧作物,玉米,玉米澱粉,進口,20649,433211
103,稻米及雜糧作物,玉米,玉米澱粉,進口,21617,406702
102,稻米及雜糧作物,玉米,甜玉米(鮮或冷凍),進口,2403,44967
103,稻米及雜糧作物,玉米,甜玉米(鮮或冷凍),進口,1329,34320
102,稻米及雜糧作物,玉米,乾甜玉米及其種子,進口,123,48367
103,稻米及雜糧作物,玉米,乾甜玉米及其種子,進口,77,28789
102,稻米及雜糧作物,玉米,甜玉米罐頭,進口,23758,850633
103,稻米及雜糧作物,玉米,甜玉米罐頭,進口,24249,854513
102,稻米及雜糧作物,甘藷,甘藷(鮮或乾),進口,119,7178
103,稻米及雜糧作物,甘藷,甘藷(鮮或乾),進口,200,14477
102,稻米及雜糧作物,甘藷,甘藷(冷凍),進口,480,11806
103,稻米及雜糧作物,甘藷,甘藷(冷凍),進口,713,17924
102,稻米及雜糧作物,落花生,花生(未烘培),進口,4266,143730
103,稻米及雜糧作物,落花生,花生(未烘培),進口,3464,108778
102,稻米及雜糧作物,落花生,花生(已烘培),進口,1,241
103,稻米及雜糧作物,落花生,花生(已烘培),進口,3,542
102,稻米及雜糧作物,落花生,花生醬,進口,3162,134257
103,稻米及雜糧作物,落花生,花生醬,進口,3045,136627
102,稻米及雜糧作物,落花生,花生(其他方式調製或保藏),進口,88,7918
103,稻米及雜糧作物,落花生,花生(其他方式調製或保藏),進口,117,9830
102,特用作物,蔗糖,蔗糖,進口,600716,7512730
103,特用作物,蔗糖,蔗糖,進口,327217,2947754
102,特用作物,菸葉,原料菸葉(菸葉下腳),進口,12406,1631330
103,特用作物,菸葉,原料菸葉(菸葉下腳),進口,13605,2268989
102,特用作物,菸葉,菸葉或其代用品所製之菸,進口,15224,15570777
103,特用作物,菸葉,菸葉或其代用品所製之菸,進口,14709,15613042
102,特用作物,菸葉,吸菸葉,進口,3095,790485
103,特用作物,菸葉,吸菸葉,進口,0,0
102,特用作物,樹薯,樹薯(鮮或乾),進口,356,2375
103,特用作物,樹薯,樹薯(鮮或乾),進口,0,0
102,特用作物,樹薯,樹薯澱粉製品,進口,639,13577
103,特用作物,樹薯,樹薯澱粉製品,進口,502,8565
102,特用作物,樹薯,樹薯澱粉,進口,329877,4500991
103,特用作物,樹薯,樹薯澱粉,進口,337315,4421092
102,特用作物,樹薯,樹薯粉、細粒及細粉,進口,120,1081
103,特用作物,樹薯,樹薯粉、細粒及細粉,進口,80,706
102,特用作物,山藥,山藥(鮮或乾),進口,3788,353233
103,特用作物,山藥,山藥(鮮或乾),進口,3614,337610
102,特用作物,山藥,山藥(冷凍),進口,68,662
103,特用作物,山藥,山藥(冷凍),進口,47,563
102,特用作物,茶葉,綠茶,進口,10040,468229
103,特用作物,茶葉,綠茶,進口,10860,549841
102,特用作物,茶葉,部分發酵茶,進口,3469,347488
103,特用作物,茶葉,部分發酵茶,進口,4156,371826
102,特用作物,茶葉,紅茶,進口,13006,620562
103,特用作物,茶葉,紅茶,進口,13932,730549
102,特用作物,茶葉,普洱茶,進口,3673,209827
103,特用作物,茶葉,普洱茶,進口,3426,202489
102,特用作物,茶葉,馬黛茶類,進口,19,6882
103,特用作物,茶葉,馬黛茶類,進口,37,8372
102,果品類,香蕉,香蕉(鮮或乾),進口,0,0
103,果品類,香蕉,香蕉(鮮或乾),進口,20545,311
102,果品類,?梨,鳳梨(鮮或乾),進口,2977656,53266
103,果品類,?梨,鳳梨(鮮或乾),進口,2661937,53197
102,果品類,?梨,鳳梨(其他方式調製或保藏),進口,597212,16608
103,果品類,?梨,鳳梨(其他方式調製或保藏),進口,373056,10925
102,果品類,?梨,鳳梨罐頭,進口,5720208,148349
103,果品類,?梨,鳳梨罐頭,進口,5078562,135946
102,果品類,?梨,鳳梨汁,進口,1029161,39079
103,果品類,?梨,鳳梨汁,進口,874511,33068
102,果品類,柑橘,鮮椪柑,進口,0,0
103,果品類,柑橘,鮮椪柑,進口,0,0
102,果品類,柑橘,柑橘類(鮮或乾),進口,1509646,80004
103,果品類,柑橘,柑橘類(鮮或乾),進口,1691448,95651
102,果品類,柑橘,柑橘類(經煮熟之果醬果凍),進口,169844,18321
103,果品類,柑橘,柑橘類(經煮熟之果醬果凍),進口,170600,21553
102,果品類,柑橘,柑橘類(其他方式調製或保藏),進口,3814109,146764
103,果品類,柑橘,柑橘類(其他方式調製或保藏),進口,4514874,175690
102,果品類,柑橘,柑橘汁,進口,5223999,319243
103,果品類,柑橘,柑橘汁,進口,5933515,336279
102,果品類,檸檬,檸檬及雷姆(鮮或乾),進口,476575,15970
103,果品類,檸檬,檸檬及雷姆(鮮或乾),進口,466845,25534
102,果品類,葡萄柚,葡萄柚(鮮或乾),進口,6087857,125932
103,果品類,葡萄柚,葡萄柚(鮮或乾),進口,4544859,96690
102,果品類,葡萄柚,葡萄柚汁,進口,564713,4366
103,果品類,葡萄柚,葡萄柚汁,進口,801904,54978
102,果品類,葡萄,葡萄(鮮),進口,20999162,1468904
103,果品類,葡萄,葡萄(鮮),進口,24081705,1757187
102,果品類,葡萄,葡萄(乾),進口,7360143,574921
103,果品類,葡萄,葡萄(乾),進口,6850423,526811
102,果品類,葡萄,葡萄汁,進口,5369886,426276
103,果品類,葡萄,葡萄汁,進口,5806044,400003
102,果品類,蘋果,鮮蘋果,進口,144126721,6038428
103,果品類,蘋果,鮮蘋果,進口,157877959,7432973
102,果品類,蘋果,蘋果乾,進口,27249,4362
103,果品類,蘋果,蘋果乾,進口,15769,3209
102,果品類,蘋果,蘋果汁,進口,4787406,212786
103,果品類,蘋果,蘋果汁,進口,5737577,248356
102,果品類,蘋果,蘋果(冷凍),進口,37558,1305
103,果品類,蘋果,蘋果(冷凍),進口,89064,2563
102,果品類,木瓜,木瓜(鮮),進口,0,0
103,果品類,木瓜,木瓜(鮮),進口,0,0
102,果品類,桃子,桃子,進口,21553486,1439699
103,果品類,桃子,桃子,進口,12981993,1112844
102,果品類,桃子,桃子(其他方式調製或保藏),進口,2150594,82086
103,果品類,桃子,桃子(其他方式調製或保藏),進口,2133382,89616
102,果品類,楊桃,楊桃(鮮),進口,0,0
103,果品類,楊桃,楊桃(鮮),進口,0,0
102,果品類,梨,鮮梨,進口,10740414,593771
103,果品類,梨,鮮梨,進口,10027646,581977
102,果品類,梨,梨(其他方式調製或保藏),進口,158684,7872
103,果品類,梨,梨(其他方式調製或保藏),進口,66048,4469
102,果品類,蓮霧,蓮霧,進口,0,0
103,果品類,蓮霧,蓮霧,進口,0,0
102,果品類,芒果,芒果(鮮或乾),進口,490,59
103,果品類,芒果,芒果(鮮或乾),進口,854,386
102,果品類,芒果,芒果(冷凍),進口,370873,9655
103,果品類,芒果,芒果(冷凍),進口,140380,7148
102,果品類,芒果,芒果(其他方式調製或保藏),進口,502827,55761
103,果品類,芒果,芒果(其他方式調製或保藏),進口,549126,55824
102,果品類,芒果,芒果罐頭,進口,737188,28109
103,果品類,芒果,芒果罐頭,進口,826880,31948
102,果品類,芒果,芒果汁,進口,164437,5608
103,果品類,芒果,芒果汁,進口,31209,1203
102,果品類,番石榴,番石榴(鮮或乾),進口,0,0
103,果品類,番石榴,番石榴(鮮或乾),進口,1696,49
102,果品類,西瓜,鮮西瓜,進口,540606,5649
103,果品類,西瓜,鮮西瓜,進口,1477296,16017
102,果品類,西瓜,種植用西瓜種子,進口,34372,62002
103,果品類,西瓜,種植用西瓜種子,進口,20523,44485
102,果品類,梅,梅乾,進口,1098341,77338
103,果品類,梅,梅乾,進口,1089547,94689
102,果品類,荔枝,荔枝(鮮或乾),進口,0,0
103,果品類,荔枝,荔枝(鮮或乾),進口,0,0
102,果品類,荔枝,荔枝(冷凍),進口,841685,15107
103,果品類,荔枝,荔枝(冷凍),進口,476460,3128
102,果品類,荔枝,荔枝(其他方式調製或保藏),進口,5220,1176
103,果品類,荔枝,荔枝(其他方式調製或保藏),進口,2426,544
102,果品類,荔枝,荔枝罐頭,進口,39562,1293
103,果品類,荔枝,荔枝罐頭,進口,23294,510
102,果品類,龍眼,鮮桂圓,進口,0,0
103,果品類,龍眼,鮮桂圓,進口,0,0
102,果品類,龍眼,桂圓肉,進口,331525,19043
103,果品類,龍眼,桂圓肉,進口,339277,20594
102,果品類,龍眼,龍眼(其他方式調製或保藏),進口,0,0
103,果品類,龍眼,龍眼(其他方式調製或保藏),進口,0,0
102,果品類,龍眼,龍眼罐頭,進口,14441,350
103,果品類,龍眼,龍眼罐頭,進口,19524,543
102,果品類,李子,李子,進口,5537076,250030
103,果品類,李子,李子,進口,3540025,212731
102,果品類,檳榔,檳榔(鮮或乾),進口,11745,1003
103,果品類,檳榔,檳榔(鮮或乾),進口,24009,2183
102,果品類,柿子,柿子(鮮),進口,29137,2903
103,果品類,柿子,柿子(鮮),進口,0,249
102,果品類,柿子,柿子(乾),進口,788064,31125
103,果品類,柿子,柿子(乾),進口,778401,35243
102,花卉類,菊花,鮮菊花,進口,166986,3104
103,花卉類,菊花,鮮菊花,進口,181360,3194
102,花卉類,玫瑰,鮮玫瑰,進口,13034,1056
103,花卉類,玫瑰,鮮玫瑰,進口,9544,895
102,花卉類,唐菖蒲,唐菖蒲,進口,0,0
103,花卉類,唐菖蒲,唐菖蒲,進口,0,0
102,花卉類,康乃馨,康乃馨,進口,118558,10254
103,花卉類,康乃馨,康乃馨,進口,127284,12144
102,花卉類,洋桔梗,洋桔梗,進口,526398,93667
103,花卉類,洋桔梗,洋桔梗,進口,406728,76291
102,花卉類,文心蘭,鮮文心蘭,進口,0,0
103,花卉類,文心蘭,鮮文心蘭,進口,0,0
102,花卉類,百合,鮮百合,進口,0,0
103,花卉類,百合,鮮百合,進口,0,0
102,其他產品,蜂蜜,蜂蜜,進口,3196518,115425
103,其他產品,蜂蜜,蜂蜜,進口,4740036,203197

