交易日期,作物代號,作物名稱,市場代號,市場名稱,交易金額_元,交易量_公斤,溯源代號
2026-05-22,11,椰子,104,台北二,48687,2656,X
2026-05-22,41,梅,104,台北二,21600,360,X
2026-05-22,43,桑椹,104,台北二,6528,96,X
2026-05-22,469,藍莓-進口,104,台北二,7600,80,X
2026-05-22,50,百香果-其他,104,台北二,66240,342,X
2026-05-22,51,百香果-改良種,104,台北二,64620,324,7
2026-05-22,51,百香果-改良種,104,台北二,150464,1999,X
2026-05-22,70,小番茄-其他,104,台北二,40884,642,X
2026-05-22,72,小番茄-聖女,104,台北二,322700,5605,X
2026-05-22,74,小番茄-玉女,104,台北二,270916,1944,X
2026-05-22,811,紅龍果-白肉,104,台北二,1160,8,X
2026-05-22,812,紅龍果-紅肉,104,台北二,6300,90,7
2026-05-22,812,紅龍果-紅肉,104,台北二,225312,1933,X
2026-05-22,813,紅龍果-雙色紅龍果,104,台北二,9650,104,X
2026-05-22,859,榴槤-進口,104,台北二,46000,330,X
2026-05-22,91,其他,104,台北二,15630,361,X
2026-05-22,A0,香蕉-其他,104,台北二,572,83,X
2026-05-22,A1,香蕉,104,台北二,170535,5475,7
2026-05-22,A1,香蕉,104,台北二,213683,9652,X
2026-05-22,A2,香蕉-芭蕉紅芭蕉,104,台北二,187082,4370,X
2026-05-22,A3,香蕉-旦蕉,104,台北二,4685,152,X
2026-05-22,A4,香蕉-越旦,104,台北二,28989,1150,X
2026-05-22,B2,鳳梨-金鑽鳳梨,104,台北二,50076,1454,4
2026-05-22,B2,鳳梨-金鑽鳳梨,104,台北二,72376,2680,7
2026-05-22,B2,鳳梨-金鑽鳳梨,104,台北二,801990,32158,X
2026-05-22,B6,鳳梨-甜蜜蜜,104,台北二,106575,3746,X
2026-05-22,C2,茂谷柑,104,台北二,49356,1160,X
2026-05-22,F0,雜柑-其他,104,台北二,540,12,X
2026-05-22,F1,雜柑-檸檬,104,台北二,71015,1185,X
2026-05-22,F4,雜柑-桔子,104,台北二,18870,167,X
2026-05-22,F5,雜柑-無子檸檬,104,台北二,148930,1916,X
2026-05-22,F6,雜柑-黃金檸檬,104,台北二,4640,53,X
2026-05-22,FA1,黃秋葵,104,台北二,138165,3104,X
2026-05-22,FB1,花椰菜-青梗,104,台北二,130539,3993,X
2026-05-22,FC1,胡瓜-黑刺,104,台北二,6908,514,7
2026-05-22,FC1,胡瓜-黑刺,104,台北二,135521,9027,X
2026-05-22,FD0,花胡瓜-其他,104,台北二,10800,144,4
2026-05-22,FD0,花胡瓜-其他,104,台北二,3732,96,7
2026-05-22,FD0,花胡瓜-其他,104,台北二,43238,1438,X
2026-05-22,FD1,花胡瓜,104,台北二,32994,1240,7
2026-05-22,FD1,花胡瓜,104,台北二,426901,20216,X
2026-05-22,FE1,冬瓜-白皮,104,台北二,48340,4573,X
2026-05-22,FF0,絲瓜-其他,104,台北二,51285,1875,7
2026-05-22,FF0,絲瓜-其他,104,台北二,53485,2275,X
2026-05-22,FF1,絲瓜,104,台北二,185,19,4
2026-05-22,FF1,絲瓜,104,台北二,105555,3030,7
2026-05-22,FF1,絲瓜,104,台北二,243646,11527,X
2026-05-22,FF2,絲瓜-角瓜,104,台北二,22206,967,X
2026-05-22,FG0,苦瓜-其他,104,台北二,74804,2376,X
2026-05-22,FG1,苦瓜-白大米,104,台北二,67140,1695,7
2026-05-22,FG1,苦瓜-白大米,104,台北二,228086,9140,X
2026-05-22,FG3,苦瓜-山苦瓜,104,台北二,1430,13,X
2026-05-22,FG4,苦瓜-翠綠,104,台北二,16760,775,X
2026-05-22,FH1,扁蒲-長形,104,台北二,1520,320,X
2026-05-22,FH3,扁蒲-花蒲,104,台北二,51254,4661,X
2026-05-22,FH4,扁蒲-梨子蒲,104,台北二,68389,4607,X
2026-05-22,FI0,茄子-其他,104,台北二,11636,444,X
2026-05-22,FI2,茄子-麻荸茄,104,台北二,198940,11905,X
2026-05-22,FI3,茄子-日本種,104,台北二,4363,321,X
2026-05-22,FJ1,番茄-黑柿,104,台北二,9970,279,X
2026-05-22,FJ2,番茄-粉柿,104,台北二,713,23,X
2026-05-22,FJ3,番茄-牛番茄,104,台北二,7610,150,7
2026-05-22,FJ3,番茄-牛番茄,104,台北二,794300,13479,X
2026-05-22,FK3,甜椒-新香,104,台北二,240,24,X
2026-05-22,FK40,甜椒-彩色種 其他,104,台北二,300,10,7
2026-05-22,FK40,甜椒-彩色種 其他,104,台北二,6445,185,X
2026-05-22,FK41,甜椒-彩色種 紅色,104,台北二,3465,75,7
2026-05-22,FK41,甜椒-彩色種 紅色,104,台北二,44769,938,X
2026-05-22,FK42,甜椒-彩色種 黃色,104,台北二,5980,142,7
2026-05-22,FK42,甜椒-彩色種 黃色,104,台北二,33645,536,X
2026-05-22,FK5,甜椒-青椒,104,台北二,1536,48,4
2026-05-22,FK5,甜椒-青椒,104,台北二,117390,3131,X
2026-05-22,FK6,甜椒-水果彩椒,104,台北二,38240,339,7
2026-05-22,FK6,甜椒-水果彩椒,104,台北二,6190,116,X
2026-05-22,FK94,甜椒-進口 彩色種,104,台北二,6125,190,X
2026-05-22,FL6,豌豆-甜豌豆,104,台北二,7020,50,X
2026-05-22,FL92,豌豆-進口 紅花,104,台北二,19720,140,X
2026-05-22,FL96,豌豆-進口 甜豌豆,104,台北二,30000,200,X
2026-05-22,FM1,菜豆-白色,104,台北二,5135,115,X
2026-05-22,FM2,菜豆-青色,104,台北二,164650,6750,X
2026-05-22,FM3,菜豆-紅色,104,台北二,2280,60,X
2026-05-22,FN1,敏豆-白豆,104,台北二,312747,4597,X
2026-05-22,FN5,敏豆-醜豆,104,台北二,55579,889,X
2026-05-22,FP1,萊豆-豆莢,104,台北二,16700,210,X
2026-05-22,FP2,萊豆-豆仁,104,台北二,2900,20,X
2026-05-22,FP3,鵲豆-肉豆,104,台北二,270,6,X
2026-05-22,FQ1,毛豆-豆莢,104,台北二,4830,84,7
2026-05-22,FQ1,毛豆-豆莢,104,台北二,11100,174,X
2026-05-22,FQ2,毛豆-豆仁,104,台北二,33420,277,7
2026-05-22,FQ2,毛豆-豆仁,104,台北二,33160,306,X
2026-05-22,FR1,青花苔,104,台北二,66540,1308,X
2026-05-22,FR2,青花苔-青花筍,104,台北二,2800,40,X
2026-05-22,FR9,青花苔-進口,104,台北二,463710,7264,X
2026-05-22,FT0,南瓜-其他,104,台北二,7868,428,X
2026-05-22,FT11,南瓜-木瓜型 阿成,104,台北二,1760,88,4
2026-05-22,FT11,南瓜-木瓜型 阿成,104,台北二,112739,5407,X
2026-05-22,FT12,南瓜-木瓜型 阿嬌,104,台北二,4160,220,X
2026-05-22,FT2,南瓜-圓形,104,台北二,36148,1783,X
2026-05-22,FT5,南瓜-青如意,104,台北二,3260,50,7
2026-05-22,FT5,南瓜-青如意,104,台北二,210660,6692,X
2026-05-22,FT6,南瓜-東昇,104,台北二,1000,40,X
2026-05-22,FT7,南瓜-栗子,104,台北二,3750,118,X
2026-05-22,FT72,南瓜-栗子 小黑,104,台北二,2960,80,X
2026-05-22,FT91,南瓜-進口 木瓜型,104,台北二,7240,515,X
2026-05-22,FT96,南瓜-進口 東昇,104,台北二,1120,60,X
2026-05-22,FT97,南瓜-進口 栗子,104,台北二,78150,2274,X
2026-05-22,FU1,隼人瓜,104,台北二,30783,3069,X
2026-05-22,FU2,隼人瓜-瓜苗,104,台北二,3300,60,4
2026-05-22,FU2,隼人瓜-瓜苗,104,台北二,60276,972,7
2026-05-22,FU2,隼人瓜-瓜苗,104,台北二,112584,2052,X
2026-05-22,FV0,辣椒-其他,104,台北二,2343,68,X
2026-05-22,FV1,辣椒-紅小,104,台北二,32261,376,X
2026-05-22,FV2,辣椒-青小,104,台北二,4150,106,X
2026-05-22,FV4,辣椒-朝天椒,104,台北二,67165,1807,X
2026-05-22,FV5,辣椒-青龍,104,台北二,1075,20,X
2026-05-22,FV6,辣椒-糯米椒,104,台北二,31290,321,X
2026-05-22,FW1,金針花,104,台北二,62520,503,X
2026-05-22,FX2,虎豆-福豆,104,台北二,450,3,X
2026-05-22,FY0,玉米-其他,104,台北二,8600,360,X
2026-05-22,FY4,玉米-玉米筍,104,台北二,11880,72,7
2026-05-22,FY4,玉米-玉米筍,104,台北二,7235,174,X
2026-05-22,FY41,玉米-玉米筍 帶殼,104,台北二,33461,4014,X
2026-05-22,FY5,玉米-糯米黑,104,台北二,87895,2999,X
2026-05-22,FY6,玉米-甜軟殼,104,台北二,258400,13040,X
2026-05-22,FY8,玉米-白龍王,104,台北二,80100,2980,X
2026-05-22,FY94,玉米-進口 玉米筍,104,台北二,102380,500,X
2026-05-22,FZ1,落花生-生,104,台北二,4625,59,X
2026-05-22,G1,蛋黃果-仙桃,104,台北二,225,19,X
2026-05-22,G3,酪梨,104,台北二,180678,1668,X
2026-05-22,G39,酪梨-進口,104,台北二,6300,30,X
2026-05-22,G49,奇異果-進口,104,台北二,20010,320,X
2026-05-22,G7,橄欖,104,台北二,594,44,X
2026-05-22,G9,波蘿蜜,104,台北二,4658,317,X
2026-05-22,G91,榴槤蜜,104,台北二,7101,225,X
2026-05-22,I1,木瓜-網室紅肉,104,台北二,326352,8484,7
2026-05-22,I1,木瓜-網室紅肉,104,台北二,460805,13225,X
2026-05-22,I3,木瓜-日昇種,104,台北二,60090,702,X
2026-05-22,I4,木瓜-青木瓜,104,台北二,17815,637,X
2026-05-22,J0,荔枝-其他,104,台北二,18230,292,X
2026-05-22,J1,荔枝-玉荷包,104,台北二,8400,60,7
2026-05-22,J1,荔枝-玉荷包,104,台北二,961368,7312,X
2026-05-22,LA0,甘藍-其他,104,台北二,7200,600,X
2026-05-22,LA1,甘藍-初秋,104,台北二,1283034,63568,X
2026-05-22,LA2,甘藍-改良種,104,台北二,255345,14730,X
2026-05-22,LA4,甘藍-紫色,104,台北二,750,75,X
2026-05-22,LA5,甘藍-甘藍心,104,台北二,8292,174,X
2026-05-22,LA6,甘藍-甘藍芽,104,台北二,10188,256,X
2026-05-22,LA92,甘藍-進口 改良種,104,台北二,24300,1620,X
2026-05-22,LB1,小白菜-土白菜,104,台北二,9525,780,X
2026-05-22,LB2,小白菜-蚵仔白,104,台北二,130998,13065,X
2026-05-22,LB3,小白菜-奶油白,104,台北二,16427,1275,X
2026-05-22,LB8,小白菜-水耕,104,台北二,8660,185,X
2026-05-22,LC0,包心白-其他,104,台北二,800,40,X
2026-05-22,LC1,包心白-包白,104,台北二,116800,15200,X
2026-05-22,LC90,包心白菜-進口 其他,104,台北二,111167,1727,X
2026-05-22,LC93,包心白菜-進口 包頭蓮 ,104,台北二,181195,8785,X
2026-05-22,LD1,青江白菜-小梗,104,台北二,92232,8594,X
2026-05-22,LE1,皇宮菜-小葉,104,台北二,48756,1255,X
2026-05-22,LE2,皇宮菜-大葉,104,台北二,3435,136,X
2026-05-22,LF2,蕹菜-小葉,104,台北二,134800,10290,X
2026-05-22,LF3,蕹菜-水蕹菜,104,台北二,61959,927,X
2026-05-22,LG2,芹菜-白梗,104,台北二,170268,2793,X
2026-05-22,LG3,芹菜-西洋芹菜,104,台北二,5400,180,X
2026-05-22,LG9,芹菜-進口,104,台北二,19900,490,X
2026-05-22,LH1,菠菜-圓葉,104,台北二,720,36,X
2026-05-22,LH2,菠菜-角葉,104,台北二,115100,4220,X
2026-05-22,LI0,萵苣菜-其他,104,台北二,34473,367,X
2026-05-22,LI1,萵苣菜-廣東菜,104,台北二,210,30,X
2026-05-22,LI2,萵苣菜-結球萵,104,台北二,17303,439,7
2026-05-22,LI2,萵苣菜-結球萵,104,台北二,39281,1559,X
2026-05-22,LI3,萵苣菜-本島圓葉,104,台北二,73597,3230,X
2026-05-22,LI5,萵苣菜-油麥菜,104,台北二,130186,11113,X
2026-05-22,LI6,萵苣菜-蘿美,104,台北二,2580,48,7
2026-05-22,LI6,萵苣菜-蘿美,104,台北二,8260,428,X
2026-05-22,LI72,萵苣菜-綠捲,104,台北二,560,14,X
2026-05-22,LI8,萵苣菜-水耕,104,台北二,74220,1335,7
2026-05-22,LI8,萵苣菜-水耕,104,台北二,20895,540,X
2026-05-22,LI91,萵苣菜-進口 廣東萵,104,台北二,4032,96,X
2026-05-22,LI92,萵苣菜-進口 結球萵,104,台北二,74455,2278,X
2026-05-22,LI96,萵苣菜-進口 蘿美,104,台北二,20691,315,X
2026-05-22,LJ1,芥菜-芥菜仁,104,台北二,1380,60,X
2026-05-22,LJ3,芥菜-大芥菜,104,台北二,6220,912,X
2026-05-22,LJ4,芥菜-小芥菜,104,台北二,4405,482,X
2026-05-22,LK2,芥藍菜,104,台北二,15707,2149,X
2026-05-22,LK3,芥藍菜-芥藍芽,104,台北二,168130,2794,X
2026-05-22,LM1,莧菜-紅莧菜,104,台北二,16146,612,X
2026-05-22,LM2,莧菜-白莧菜,104,台北二,87381,4527,X
2026-05-22,LN1,油菜,104,台北二,30050,3227,X
2026-05-22,LN2,油菜-小松菜,104,台北二,8145,405,X
2026-05-22,LO1,甘薯葉,104,台北二,229380,10404,X
2026-05-22,LP1,芫荽,104,台北二,99377,1980,X
2026-05-22,LP2,九層塔,104,台北二,53836,1412,X
2026-05-22,LQ1,紅鳳菜-紅鳳菜,104,台北二,31674,862,X
2026-05-22,LT2,海菜-海帶,104,台北二,270,9,X
2026-05-22,LT3,海菜-水蓮,104,台北二,111126,1086,7
2026-05-22,LT3,海菜-水蓮,104,台北二,29106,360,X
2026-05-22,LV1,巴西利,104,台北二,150,15,X
2026-05-22,LX1,蕨菜-過貓,104,台北二,7801,217,X
2026-05-22,LZ2,藤川七-川七葉,104,台北二,1860,45,X
2026-05-22,MA2,洋菇-盒裝,104,台北二,40040,192,X
2026-05-22,MC1,濕木耳,104,台北二,47065,759,X
2026-05-22,MD1,濕香菇,104,台北二,76056,1098,X
2026-05-22,ME1,金絲菇-金針菇,104,台北二,9920,480,X
2026-05-22,ME2,金絲菇-盒裝,104,台北二,30080,1200,X
2026-05-22,MI1,秀珍菇,104,台北二,3240,54,X
2026-05-22,MJ1,杏鮑菇,104,台北二,19008,252,4
2026-05-22,MJ1,杏鮑菇,104,台北二,181883,2883,X
2026-05-22,MK2,鴻喜菇-盒裝,104,台北二,27495,174,X
2026-05-22,MX1,其他菇類,104,台北二,64458,560,X
2026-05-22,N0,李-其他,104,台北二,11889,495,X
2026-05-22,N2,李-桃接李,104,台北二,15115,640,X
2026-05-22,N3,李-紅肉李,104,台北二,3276,117,4
2026-05-22,N3,李-紅肉李,104,台北二,138580,3750,X
2026-05-22,N4,李-黃肉李,104,台北二,7851,312,X
2026-05-22,O2,梨-秋水梨,104,台北二,109890,952,X
2026-05-22,OD1,蘿蔔乾,104,台北二,1820,28,X
2026-05-22,OE2,醃瓜-漬,104,台北二,2880,72,X
2026-05-22,OG1,熟筍-桂竹筍,104,台北二,19040,204,X
2026-05-22,OX1,其他,104,台北二,35067,1032,X
2026-05-22,P1,番石榴-珍珠芭,104,台北二,429119,5724,7
2026-05-22,P1,番石榴-珍珠芭,104,台北二,589986,10443,X
2026-05-22,P2,番石榴-紅心,104,台北二,13240,184,7
2026-05-22,P2,番石榴-紅心,104,台北二,12035,220,X
2026-05-22,P3,番石榴-帝王芭,104,台北二,73676,645,7
2026-05-22,P3,番石榴-帝王芭,104,台北二,24130,369,X
2026-05-22,Q0,蓮霧-其他,104,台北二,18590,190,X
2026-05-22,Q1,蓮霧-紅蓮霧,104,台北二,67570,1373,X
2026-05-22,Q2,蓮霧-子彈型,104,台北二,5760,72,7
2026-05-22,Q2,蓮霧-子彈型,104,台北二,84435,1232,X
2026-05-22,Q4,蓮霧-巴掌蓮霧,104,台北二,14090,111,X
2026-05-22,Q5,蓮霧-黑糖芭比,104,台北二,274250,1975,X
2026-05-22,R0,芒果-其他,104,台北二,28737,278,X
2026-05-22,R1,芒果-愛文,104,台北二,202374,2010,7
2026-05-22,R1,芒果-愛文,104,台北二,2972916,44879,X
2026-05-22,R2,芒果-玉文,104,台北二,29482,634,X
2026-05-22,R3,芒果-本島,104,台北二,23590,308,7
2026-05-22,R3,芒果-本島,104,台北二,197024,5153,X
2026-05-22,R31,芒果-夏雪,104,台北二,10967,143,X
2026-05-22,R5,芒果-黑香金興,104,台北二,480,12,7
2026-05-22,R5,芒果-黑香金興,104,台北二,16266,258,X
2026-05-22,R6,芒果-金煌,104,台北二,4290,96,7
2026-05-22,R6,芒果-金煌,104,台北二,146016,2681,X
2026-05-22,R8,芒果-芒果青,104,台北二,53181,2587,X
2026-05-22,S0,葡萄-其他,104,台北二,1700,5,X
2026-05-22,S1,葡萄-巨峰,104,台北二,356405,2859,X
2026-05-22,SA3,蘿蔔-矸仔,104,台北二,41320,6534,X
2026-05-22,SA4,蘿蔔-櫻桃,104,台北二,4100,40,X
2026-05-22,SA7,蘿蔔-甜菜根,104,台北二,5124,186,X
2026-05-22,SA9,蘿蔔-進口,104,台北二,234522,17073,X
2026-05-22,SB1,胡蘿蔔-未洗,104,台北二,25139,1452,X
2026-05-22,SB2,胡蘿蔔-清洗,104,台北二,324,18,6
2026-05-22,SB2,胡蘿蔔-清洗,104,台北二,115160,4950,7
2026-05-22,SB2,胡蘿蔔-清洗,104,台北二,86360,5650,X
2026-05-22,SC1,馬鈴薯-本產,104,台北二,324,18,6
2026-05-22,SC1,馬鈴薯-本產,104,台北二,77592,4176,X
2026-05-22,SC9,馬鈴薯-進口,104,台北二,26120,880,X
2026-05-22,SD1,洋蔥-本產,104,台北二,17700,750,7
2026-05-22,SD1,洋蔥-本產,104,台北二,118800,6180,X
2026-05-22,SD9,洋蔥-進口,104,台北二,37440,1728,X
2026-05-22,SE1,青蔥-日蔥,104,台北二,104210,1264,X
2026-05-22,SE3,青蔥-大蔥,104,台北二,1265,22,X
2026-05-22,SE5,青蔥-紅蔥頭,104,台北二,17525,299,X
2026-05-22,SE6,青蔥-粉蔥,104,台北二,47080,800,7
2026-05-22,SE6,青蔥-粉蔥,104,台北二,487364,9112,X
2026-05-22,SF1,韭菜-白頭,104,台北二,46096,592,X
2026-05-22,SF2,韭菜-韭菜黃,104,台北二,27516,240,X
2026-05-22,SF3,韭菜-韭菜花,104,台北二,25455,372,X
2026-05-22,SF4,韭菜-青頭,104,台北二,13050,225,7
2026-05-22,SF4,韭菜-青頭,104,台北二,33778,918,X
2026-05-22,SG2,大蒜-軟梗,104,台北二,54536,1040,X
2026-05-22,SG4,大蒜-蔥蒜,104,台北二,1400,160,X
2026-05-22,SG5,大蒜-蒜頭,104,台北二,42920,652,X
2026-05-22,SG6,大蒜-蒜仁,104,台北二,80,4,X
2026-05-22,SG7,大蒜-蒜瓣,104,台北二,69257,829,X
2026-05-22,SH2,竹筍-綠竹筍,104,台北二,168315,1058,7
2026-05-22,SH2,竹筍-綠竹筍,104,台北二,186540,1493,X
2026-05-22,SH5,竹筍-烏殼綠,104,台北二,139200,3562,7
2026-05-22,SH5,竹筍-烏殼綠,104,台北二,248180,6129,X
2026-05-22,SH7,竹筍-去殼,104,台北二,900,60,7
2026-05-22,SH7,竹筍-去殼,104,台北二,2180,114,X
2026-05-22,SJ2,芋-檳榔心芋,104,台北二,45018,1330,X
2026-05-22,SJ3,芋-里芋,104,台北二,7716,146,X
2026-05-22,SJ4,芋-芋莖,104,台北二,390,30,X
2026-05-22,SL1,豆薯,104,台北二,8700,610,X
2026-05-22,SM9,牛蒡-進口,104,台北二,2500,100,X
2026-05-22,SN1,蓮藕,104,台北二,600,30,X
2026-05-22,SO0,甘薯-其他,104,台北二,16475,1125,X
2026-05-22,SO1,甘薯-臺農57號,104,台北二,96353,7090,X
2026-05-22,SO2,甘薯-芋仔甘薯,104,台北二,13550,1150,X
2026-05-22,SO3,甘薯-臺農66號,104,台北二,80695,5970,X
2026-05-22,SP0,薑-其他,104,台北二,3120,54,X
2026-05-22,SP1,薑-老薑,104,台北二,54956,456,X
2026-05-22,SP2,薑-嫩薑,104,台北二,43812,396,X
2026-05-22,SP4,薑-竹薑,104,台北二,2160,24,X
2026-05-22,SP5,薑-薑黃,104,台北二,2200,22,X
2026-05-22,SQ1,茭白筍-帶殼,104,台北二,210750,3508,X
2026-05-22,SQ3,茭白筍-去殼,104,台北二,192205,1410,X
2026-05-22,ST1,蕎頭-露蕎,104,台北二,640,8,X
2026-05-22,SU2,薯蕷-白薯蕷,104,台北二,16011,160,X
2026-05-22,SU21,薯蕷-白薯蕷 人參,104,台北二,42660,822,X
2026-05-22,SU3,薯蕷-樹薯,104,台北二,717,31,X
2026-05-22,SU9,薯蕷-進口,104,台北二,6300,252,X
2026-05-22,SV1,蘆筍-白蘆筍,104,台北二,12330,81,X
2026-05-22,SV2,蘆筍-綠蘆筍,104,台北二,121360,882,X
2026-05-22,SV3,蘆筍-蘆筍花,104,台北二,1660,13,X
2026-05-22,SV92,蘆筍-進口 綠蘆筍,104,台北二,138000,961,X
2026-05-22,SW1,球莖甘藍,104,台北二,8120,960,X
2026-05-22,SZ7,晚香玉筍,104,台北二,2150,14,X
2026-05-22,SZ8,香茅,104,台北二,11614,338,X
2026-05-22,T0,西瓜-其他,104,台北二,36670,2113,X
2026-05-22,T2,西瓜-無子西瓜,104,台北二,4158,358,X
2026-05-22,T4,西瓜-鳳光英妙,104,台北二,1180,236,X
2026-05-22,T5,西瓜-黃肉,104,台北二,121554,11240,X
2026-05-22,T8,西瓜-甜美人,104,台北二,73954,6424,X
2026-05-22,V1,甜瓜-美濃,104,台北二,77153,3248,X
2026-05-22,V2,甜瓜-溫室吊瓜,104,台北二,95932,728,X
2026-05-22,W1,洋香瓜-網狀紅肉,104,台北二,84335,1876,X
2026-05-22,W2,洋香瓜-網狀綠肉,104,台北二,10894,546,X
2026-05-22,W4,洋香瓜-新疆,104,台北二,133142,2274,X
2026-05-22,W5,洋香瓜-光面紅肉,104,台北二,33177,1338,X
2026-05-22,W7,洋香瓜-光面白肉,104,台北二,38627,1103,X
2026-05-22,W8,洋香瓜-阿露斯,104,台北二,79150,784,X
2026-05-22,X69,蘋果-富士進口,104,台北二,189350,1456,X
2026-05-22,Y0,桃子-其他,104,台北二,5770,154,X
2026-05-22,Y1,桃子-水蜜桃,104,台北二,208032,2257,X
2026-05-22,Y19,桃子-水蜜桃進口,104,台北二,36450,220,X
2026-05-22,Y3,桃子-甜桃,104,台北二,6600,189,X
2026-05-22,11,椰子,109,台北一,27147,1977,X
2026-05-22,12,椰子-剝殼,109,台北一,720,40,7
2026-05-22,12,椰子-剝殼,109,台北一,780,52,X
2026-05-22,42,楊梅,109,台北一,6520,118,X
2026-05-22,50,百香果-其他,109,台北一,8340,114,X
2026-05-22,51,百香果-改良種,109,台北一,12168,114,7
2026-05-22,51,百香果-改良種,109,台北一,504154,6328,X
2026-05-22,70,小番茄-其他,109,台北一,31528,764,X
2026-05-22,72,小番茄-聖女,109,台北一,18096,348,7
2026-05-22,72,小番茄-聖女,109,台北一,816158,13378,X
2026-05-22,74,小番茄-玉女,109,台北一,2778,54,7
2026-05-22,74,小番茄-玉女,109,台北一,523176,3363,X
2026-05-22,811,紅龍果-白肉,109,台北一,17070,78,X
2026-05-22,812,紅龍果-紅肉,109,台北一,54402,504,7
2026-05-22,812,紅龍果-紅肉,109,台北一,242304,2369,X
2026-05-22,813,紅龍果-雙色紅龍果,109,台北一,18690,126,X
2026-05-22,859,榴槤-進口,109,台北一,49800,400,X
2026-05-22,88,樹葡萄,109,台北一,480,48,X
2026-05-22,91,其他,109,台北一,32595,422,X
2026-05-22,A0,香蕉-其他,109,台北一,448,64,7
2026-05-22,A0,香蕉-其他,109,台北一,355,65,X
2026-05-22,A1,香蕉,109,台北一,152985,5445,7
2026-05-22,A1,香蕉,109,台北一,302669,14102,X
2026-05-22,A2,香蕉-芭蕉紅芭蕉,109,台北一,130670,3320,X
2026-05-22,A3,香蕉-旦蕉,109,台北一,5035,144,X
2026-05-22,A4,香蕉-越旦,109,台北一,31653,1542,X
2026-05-22,B2,鳳梨-金鑽鳳梨,109,台北一,445405,15878,7
2026-05-22,B2,鳳梨-金鑽鳳梨,109,台北一,815240,32629,X
2026-05-22,B6,鳳梨-甜蜜蜜,109,台北一,21487,863,X
2026-05-22,C2,茂谷柑,109,台北一,102300,2104,X
2026-05-22,D1,桶柑,109,台北一,26100,720,X
2026-05-22,F0,雜柑-其他,109,台北一,105,7,X
2026-05-22,F1,雜柑-檸檬,109,台北一,193034,3304,X
2026-05-22,F4,雜柑-桔子,109,台北一,33611,436,X
2026-05-22,F5,雜柑-無子檸檬,109,台北一,76170,758,7
2026-05-22,F5,雜柑-無子檸檬,109,台北一,249236,3619,X
2026-05-22,FA1,黃秋葵,109,台北一,245321,4518,X
2026-05-22,FB1,花椰菜-青梗,109,台北一,427313,10361,X
2026-05-22,FC1,胡瓜-黑刺,109,台北一,4000,200,7
2026-05-22,FC1,胡瓜-黑刺,109,台北一,304987,17011,X
2026-05-22,FD0,花胡瓜-其他,109,台北一,3780,54,4
2026-05-22,FD0,花胡瓜-其他,109,台北一,1200,48,7
2026-05-22,FD0,花胡瓜-其他,109,台北一,71977,2612,X
2026-05-22,FD1,花胡瓜,109,台北一,19962,838,7
2026-05-22,FD1,花胡瓜,109,台北一,999129,40410,X
2026-05-22,FE1,冬瓜-白皮,109,台北一,80155,6678,X
2026-05-22,FF0,絲瓜-其他,109,台北一,9015,240,7
2026-05-22,FF0,絲瓜-其他,109,台北一,131400,5218,X
2026-05-22,FF1,絲瓜,109,台北一,223560,6165,7
2026-05-22,FF1,絲瓜,109,台北一,815495,32683,X
2026-05-22,FF2,絲瓜-角瓜,109,台北一,48546,2310,X
2026-05-22,FG0,苦瓜-其他,109,台北一,241713,6867,X
2026-05-22,FG1,苦瓜-白大米,109,台北一,137135,5653,7
2026-05-22,FG1,苦瓜-白大米,109,台北一,785322,25536,X
2026-05-22,FG3,苦瓜-山苦瓜,109,台北一,3045,47,X
2026-05-22,FG4,苦瓜-翠綠,109,台北一,43549,2007,X
2026-05-22,FH1,扁蒲-長形,109,台北一,306,52,X
2026-05-22,FH3,扁蒲-花蒲,109,台北一,150867,14599,X
2026-05-22,FH4,扁蒲-梨子蒲,109,台北一,68930,5569,X
2026-05-22,FI0,茄子-其他,109,台北一,7125,281,X
2026-05-22,FI2,茄子-麻荸茄,109,台北一,6720,448,7
2026-05-22,FI2,茄子-麻荸茄,109,台北一,595609,28015,X
2026-05-22,FI3,茄子-日本種,109,台北一,13858,1045,X
2026-05-22,FJ1,番茄-黑柿,109,台北一,223202,3801,X
2026-05-22,FJ3,番茄-牛番茄,109,台北一,15180,250,7
2026-05-22,FJ3,番茄-牛番茄,109,台北一,1796945,34793,X
2026-05-22,FK0,甜椒-其他,109,台北一,1184,28,X
2026-05-22,FK3,甜椒-新香,109,台北一,9529,242,X
2026-05-22,FK40,甜椒-彩色種 其他,109,台北一,2950,60,X
2026-05-22,FK41,甜椒-彩色種 紅色,109,台北一,259644,3509,X
2026-05-22,FK42,甜椒-彩色種 黃色,109,台北一,440,22,7
2026-05-22,FK42,甜椒-彩色種 黃色,109,台北一,165890,1815,X
2026-05-22,FK5,甜椒-青椒,109,台北一,282349,6724,X
2026-05-22,FK6,甜椒-水果彩椒,109,台北一,29475,210,7
2026-05-22,FK6,甜椒-水果彩椒,109,台北一,54880,650,X
2026-05-22,FK94,甜椒-進口 彩色種,109,台北一,18850,315,X
2026-05-22,FL5,豌豆-豌豆苗,109,台北一,47880,284,X
2026-05-22,FL92,豌豆-進口 紅花,109,台北一,53000,340,X
2026-05-22,FL96,豌豆-進口 甜豌豆,109,台北一,93160,616,X
2026-05-22,FM1,菜豆-白色,109,台北一,21610,839,X
2026-05-22,FM2,菜豆-青色,109,台北一,348534,12369,X
2026-05-22,FM3,菜豆-紅色,109,台北一,9172,267,X
2026-05-22,FN1,敏豆-白豆,109,台北一,863052,10727,X
2026-05-22,FN4,敏豆-翼豆,109,台北一,900,3,X
2026-05-22,FN5,敏豆-醜豆,109,台北一,104827,1689,X
2026-05-22,FP1,萊豆-豆莢,109,台北一,26935,297,X
2026-05-22,FP2,萊豆-豆仁,109,台北一,3870,26,X
2026-05-22,FQ1,毛豆-豆莢,109,台北一,16810,294,X
2026-05-22,FQ2,毛豆-豆仁,109,台北一,11000,100,7
2026-05-22,FQ2,毛豆-豆仁,109,台北一,82830,778,X
2026-05-22,FR1,青花苔,109,台北一,25255,585,X
2026-05-22,FR2,青花苔-青花筍,109,台北一,16510,82,X
2026-05-22,FR9,青花苔-進口,109,台北一,895283,13264,X
2026-05-22,FT0,南瓜-其他,109,台北一,10202,526,X
2026-05-22,FT11,南瓜-木瓜型 阿成,109,台北一,252156,12220,X
2026-05-22,FT12,南瓜-木瓜型 阿嬌,109,台北一,19140,1060,X
2026-05-22,FT2,南瓜-圓形,109,台北一,87526,3810,X
2026-05-22,FT3,南瓜-黃如意,109,台北一,32550,835,X
2026-05-22,FT5,南瓜-青如意,109,台北一,451163,17382,X
2026-05-22,FT6,南瓜-東昇,109,台北一,6460,252,X
2026-05-22,FT7,南瓜-栗子,109,台北一,5860,226,X
2026-05-22,FT72,南瓜-栗子 小黑,109,台北一,4570,74,X
2026-05-22,FT9,南瓜-進口,109,台北一,900,35,X
2026-05-22,FT90,南瓜-進口 其他,109,台北一,3320,300,X
2026-05-22,FT91,南瓜-進口 木瓜型,109,台北一,1200,60,X
2026-05-22,FT96,南瓜-進口 東昇,109,台北一,1040,60,X
2026-05-22,FT97,南瓜-進口 栗子,109,台北一,90390,3304,X
2026-05-22,FU1,隼人瓜,109,台北一,30063,4110,X
2026-05-22,FU2,隼人瓜-瓜苗,109,台北一,7488,156,4
2026-05-22,FU2,隼人瓜-瓜苗,109,台北一,4080,96,7
2026-05-22,FU2,隼人瓜-瓜苗,109,台北一,345054,8459,X
2026-05-22,FV0,辣椒-其他,109,台北一,5610,100,X
2026-05-22,FV1,辣椒-紅小,109,台北一,167728,1927,X
2026-05-22,FV2,辣椒-青小,109,台北一,30187,496,X
2026-05-22,FV3,辣椒-雞心,109,台北一,1430,10,X
2026-05-22,FV4,辣椒-朝天椒,109,台北一,133371,3652,X
2026-05-22,FV6,辣椒-糯米椒,109,台北一,145684,1487,X
2026-05-22,FV91,辣椒-進口 紅小,109,台北一,3150,70,X
2026-05-22,FW1,金針花,109,台北一,143890,877,X
2026-05-22,FY0,玉米-其他,109,台北一,107360,3460,X
2026-05-22,FY4,玉米-玉米筍,109,台北一,12960,72,6
2026-05-22,FY4,玉米-玉米筍,109,台北一,47190,636,X
2026-05-22,FY41,玉米-玉米筍 帶殼,109,台北一,76973,7557,X
2026-05-22,FY5,玉米-糯米黑,109,台北一,354510,18858,X
2026-05-22,FY6,玉米-甜軟殼,109,台北一,506301,28117,X
2026-05-22,FY7,玉米-糯米白,109,台北一,340,100,X
2026-05-22,FY8,玉米-白龍王,109,台北一,191320,8340,X
2026-05-22,FY90,玉米-進口 其他,109,台北一,9360,143,X
2026-05-22,FY94,玉米-進口 玉米筍,109,台北一,329008,2002,X
2026-05-22,FZ1,落花生-生,109,台北一,11160,146,X
2026-05-22,G2,黃金果,109,台北一,280,4,X
2026-05-22,G3,酪梨,109,台北一,260476,2641,X
2026-05-22,G49,奇異果-進口,109,台北一,22140,300,X
2026-05-22,G7,橄欖,109,台北一,770,44,X
2026-05-22,G9,波蘿蜜,109,台北一,54966,2319,X
2026-05-22,G91,榴槤蜜,109,台北一,2715,92,X
2026-05-22,H41,葡萄柚-紅寶石,109,台北一,9180,285,X
2026-05-22,I1,木瓜-網室紅肉,109,台北一,399948,11700,7
2026-05-22,I1,木瓜-網室紅肉,109,台北一,763444,27700,X
2026-05-22,I3,木瓜-日昇種,109,台北一,144050,2980,X
2026-05-22,I4,木瓜-青木瓜,109,台北一,76128,1852,X
2026-05-22,J0,荔枝-其他,109,台北一,44590,620,X
2026-05-22,J1,荔枝-玉荷包,109,台北一,451692,2118,7
2026-05-22,J1,荔枝-玉荷包,109,台北一,1506718,11246,X
2026-05-22,J2,荔枝-黑葉,109,台北一,14320,216,X
2026-05-22,J3,荔枝-糯米,109,台北一,960,12,X
2026-05-22,LA1,甘藍-初秋,109,台北一,2898991,149110,X
2026-05-22,LA2,甘藍-改良種,109,台北一,834850,38750,X
2026-05-22,LA4,甘藍-紫色,109,台北一,1500,75,X
2026-05-22,LA5,甘藍-甘藍心,109,台北一,21162,494,X
2026-05-22,LA6,甘藍-甘藍芽,109,台北一,20260,396,X
2026-05-22,LA7,甘藍-改良尖,109,台北一,3320,220,X
2026-05-22,LA92,甘藍-進口 改良種,109,台北一,58860,4140,X
2026-05-22,LB1,小白菜-土白菜,109,台北一,36319,3928,X
2026-05-22,LB2,小白菜-蚵仔白,109,台北一,287266,26405,X
2026-05-22,LB3,小白菜-奶油白,109,台北一,32382,2130,X
2026-05-22,LC0,包心白-其他,109,台北一,935,33,X
2026-05-22,LC1,包心白-包白,109,台北一,358908,40084,X
2026-05-22,LC3,包心白-包頭蓮,109,台北一,10580,1260,X
2026-05-22,LC90,包心白菜-進口 其他,109,台北一,127720,1990,X
2026-05-22,LC93,包心白菜-進口 包頭蓮 ,109,台北一,305395,13775,X
2026-05-22,LD1,青江白菜-小梗,109,台北一,235655,24132,X
2026-05-22,LE1,皇宮菜-小葉,109,台北一,63986,1374,X
2026-05-22,LE2,皇宮菜-大葉,109,台北一,14557,820,X
2026-05-22,LF2,蕹菜-小葉,109,台北一,303193,22843,X
2026-05-22,LF3,蕹菜-水蕹菜,109,台北一,109240,1746,X
2026-05-22,LG2,芹菜-白梗,109,台北一,349370,6006,X
2026-05-22,LG3,芹菜-西洋芹菜,109,台北一,8460,450,X
2026-05-22,LG9,芹菜-進口,109,台北一,53700,1340,X
2026-05-22,LH1,菠菜-圓葉,109,台北一,13056,258,X
2026-05-22,LH2,菠菜-角葉,109,台北一,329980,8600,X
2026-05-22,LI0,萵苣菜-其他,109,台北一,43555,619,X
2026-05-22,LI1,萵苣菜-廣東菜,109,台北一,1880,100,X
2026-05-22,LI2,萵苣菜-結球萵,109,台北一,9310,210,7
2026-05-22,LI2,萵苣菜-結球萵,109,台北一,63785,1906,X
2026-05-22,LI3,萵苣菜-本島圓葉,109,台北一,112315,5178,X
2026-05-22,LI4,萵苣菜-本島尖葉,109,台北一,1780,200,X
2026-05-22,LI5,萵苣菜-油麥菜,109,台北一,274773,23010,X
2026-05-22,LI6,萵苣菜-蘿美,109,台北一,17850,255,7
2026-05-22,LI6,萵苣菜-蘿美,109,台北一,24607,722,X
2026-05-22,LI71,萵苣菜-紅捲,109,台北一,5640,52,X
2026-05-22,LI72,萵苣菜-綠捲,109,台北一,10990,93,X
2026-05-22,LI8,萵苣菜-水耕,109,台北一,54720,1140,7
2026-05-22,LI8,萵苣菜-水耕,109,台北一,89070,2130,X
2026-05-22,LI91,萵苣菜-進口 廣東萵,109,台北一,3528,96,X
2026-05-22,LI92,萵苣菜-進口 結球萵,109,台北一,119826,2991,X
2026-05-22,LI96,萵苣菜-進口 蘿美,109,台北一,53025,675,X
2026-05-22,LJ1,芥菜-芥菜仁,109,台北一,720,40,X
2026-05-22,LJ3,芥菜-大芥菜,109,台北一,13660,2540,X
2026-05-22,LJ4,芥菜-小芥菜,109,台北一,18078,1604,X
2026-05-22,LK2,芥藍菜,109,台北一,49577,2962,X
2026-05-22,LK3,芥藍菜-芥藍芽,109,台北一,287843,7966,X
2026-05-22,LM1,莧菜-紅莧菜,109,台北一,36273,1676,X
2026-05-22,LM2,莧菜-白莧菜,109,台北一,183855,11893,X
2026-05-22,LN1,油菜,109,台北一,75506,8169,X
2026-05-22,LN2,油菜-小松菜,109,台北一,27495,1305,X
2026-05-22,LO1,甘薯葉,109,台北一,371422,19313,X
2026-05-22,LP1,芫荽,109,台北一,165943,4054,X
2026-05-22,LP2,九層塔,109,台北一,94086,2762,X
2026-05-22,LQ1,紅鳳菜-紅鳳菜,109,台北一,80834,2370,X
2026-05-22,LT2,海菜-海帶,109,台北一,810,27,X
2026-05-22,LT3,海菜-水蓮,109,台北一,100380,894,7
2026-05-22,LT3,海菜-水蓮,109,台北一,100380,975,X
2026-05-22,LV1,巴西利,109,台北一,10325,245,X
2026-05-22,LX1,蕨菜-過貓,109,台北一,38352,689,X
2026-05-22,LX2,蕨菜-山蘇,109,台北一,10020,26,7
2026-05-22,LX2,蕨菜-山蘇,109,台北一,46960,140,X
2026-05-22,LY2,黑甜仔菜,109,台北一,144,12,X
2026-05-22,LY4,人參葉,109,台北一,80,8,X
2026-05-22,LZ2,藤川七-川七葉,109,台北一,7510,224,X
2026-05-22,MA1,洋菇,109,台北一,36945,216,X
2026-05-22,MA2,洋菇-盒裝,109,台北一,73570,334,X
2026-05-22,MB1,草菇,109,台北一,3770,29,X
2026-05-22,MC0,濕木耳-其他,109,台北一,2800,8,X
2026-05-22,MC1,濕木耳,109,台北一,116519,1881,X
2026-05-22,MD1,濕香菇,109,台北一,182142,2115,X
2026-05-22,ME0,金絲菇-其他,109,台北一,129,3,X
2026-05-22,ME1,金絲菇-金針菇,109,台北一,19846,842,X
2026-05-22,ME2,金絲菇-盒裝,109,台北一,39732,1354,X
2026-05-22,MF1,蠔菇-鮑魚菇,109,台北一,6225,87,X
2026-05-22,MF2,蠔菇-盒裝,109,台北一,2400,24,X
2026-05-22,MG1,巴西蘑菇,109,台北一,45,15,X
2026-05-22,MI1,秀珍菇,109,台北一,18723,261,X
2026-05-22,MJ1,杏鮑菇,109,台北一,15300,198,4
2026-05-22,MJ1,杏鮑菇,109,台北一,421173,7047,X
2026-05-22,MJ2,杏鮑菇-盒裝,109,台北一,4160,32,X
2026-05-22,MK0,鴻喜菇-其他,109,台北一,10351,73,X
2026-05-22,MK2,鴻喜菇-盒裝,109,台北一,33453,180,X
2026-05-22,ML1,珊瑚菇,109,台北一,51,17,X
2026-05-22,ML2,珊瑚菇-盒裝,109,台北一,310,2,X
2026-05-22,MX1,其他菇類,109,台北一,63478,500,X
2026-05-22,N0,李-其他,109,台北一,11775,530,X
2026-05-22,N2,李-桃接李,109,台北一,67435,2436,X
2026-05-22,N3,李-紅肉李,109,台北一,159430,5208,X
2026-05-22,N4,李-黃肉李,109,台北一,34760,1056,X
2026-05-22,O2,梨-秋水梨,109,台北一,133118,2043,X
2026-05-22,OE2,醃瓜-漬,109,台北一,6270,165,X
2026-05-22,OG1,熟筍-桂竹筍,109,台北一,38619,517,X
2026-05-22,OX1,其他,109,台北一,61275,1508,X
2026-05-22,P0,番石榴-其他,109,台北一,1010,32,X
2026-05-22,P1,番石榴-珍珠芭,109,台北一,553981,6746,7
2026-05-22,P1,番石榴-珍珠芭,109,台北一,1610525,23735,X
2026-05-22,P2,番石榴-紅心,109,台北一,79864,1123,X
2026-05-22,P3,番石榴-帝王芭,109,台北一,6126,107,7
2026-05-22,P3,番石榴-帝王芭,109,台北一,320014,3547,X
2026-05-22,P5,番石榴-水晶無子,109,台北一,32682,402,X
2026-05-22,Q0,蓮霧-其他,109,台北一,17040,103,X
2026-05-22,Q1,蓮霧-紅蓮霧,109,台北一,175590,2482,X
2026-05-22,Q2,蓮霧-子彈型,109,台北一,4560,48,7
2026-05-22,Q2,蓮霧-子彈型,109,台北一,116070,1580,X
2026-05-22,Q4,蓮霧-巴掌蓮霧,109,台北一,140860,936,X
2026-05-22,Q5,蓮霧-黑糖芭比,109,台北一,394495,2630,X
2026-05-22,R0,芒果-其他,109,台北一,69905,1055,X
2026-05-22,R1,芒果-愛文,109,台北一,48792,750,7
2026-05-22,R1,芒果-愛文,109,台北一,3866849,55294,X
2026-05-22,R10,芒果-西施,109,台北一,3804,72,X
2026-05-22,R2,芒果-玉文,109,台北一,63139,1304,X
2026-05-22,R3,芒果-本島,109,台北一,327857,7079,X
2026-05-22,R31,芒果-夏雪,109,台北一,12804,148,X
2026-05-22,R5,芒果-黑香金興,109,台北一,900,42,7
2026-05-22,R5,芒果-黑香金興,109,台北一,16860,294,X
2026-05-22,R6,芒果-金煌,109,台北一,1230,42,7
2026-05-22,R6,芒果-金煌,109,台北一,98811,2088,X
2026-05-22,R8,芒果-芒果青,109,台北一,75989,3727,X
2026-05-22,S1,葡萄-巨峰,109,台北一,569440,4072,X
2026-05-22,SA3,蘿蔔-矸仔,109,台北一,156220,18425,X
2026-05-22,SA4,蘿蔔-櫻桃,109,台北一,9400,100,X
2026-05-22,SA7,蘿蔔-甜菜根,109,台北一,8345,256,X
2026-05-22,SA9,蘿蔔-進口,109,台北一,402675,31250,X
2026-05-22,SB1,胡蘿蔔-未洗,109,台北一,26460,1600,X
2026-05-22,SB2,胡蘿蔔-清洗,109,台北一,720,36,6
2026-05-22,SB2,胡蘿蔔-清洗,109,台北一,101370,5700,7
2026-05-22,SB2,胡蘿蔔-清洗,109,台北一,259740,21020,X
2026-05-22,SC1,馬鈴薯-本產,109,台北一,360,18,6
2026-05-22,SC1,馬鈴薯-本產,109,台北一,170478,8316,X
2026-05-22,SC9,馬鈴薯-進口,109,台北一,6988,536,X
2026-05-22,SD1,洋蔥-本產,109,台北一,29640,1140,7
2026-05-22,SD1,洋蔥-本產,109,台北一,32889,1773,X
2026-05-22,SD9,洋蔥-進口,109,台北一,49872,2160,X
2026-05-22,SE1,青蔥-日蔥,109,台北一,210205,2962,X
2026-05-22,SE2,青蔥-北蔥,109,台北一,1800,60,X
2026-05-22,SE3,青蔥-大蔥,109,台北一,4710,73,X
2026-05-22,SE5,青蔥-紅蔥頭,109,台北一,8430,136,X
2026-05-22,SE6,青蔥-粉蔥,109,台北一,1085260,17740,X
2026-05-22,SF1,韭菜-白頭,109,台北一,41798,651,X
2026-05-22,SF2,韭菜-韭菜黃,109,台北一,136302,1371,X
2026-05-22,SF3,韭菜-韭菜花,109,台北一,105910,1274,X
2026-05-22,SF4,韭菜-青頭,109,台北一,15225,435,7
2026-05-22,SF4,韭菜-青頭,109,台北一,122215,4214,X
2026-05-22,SG2,大蒜-軟梗,109,台北一,112705,2247,X
2026-05-22,SG4,大蒜-蔥蒜,109,台北一,21920,660,X
2026-05-22,SG5,大蒜-蒜頭,109,台北一,54114,738,X
2026-05-22,SG6,大蒜-蒜仁,109,台北一,63160,1126,X
2026-05-22,SG7,大蒜-蒜瓣,109,台北一,67300,736,X
2026-05-22,SG9,大蒜-進口,109,台北一,12210,162,X
2026-05-22,SH1,竹筍-麻竹筍,109,台北一,532,14,X
2026-05-22,SH2,竹筍-綠竹筍,109,台北一,34740,244,7
2026-05-22,SH2,竹筍-綠竹筍,109,台北一,835626,5781,X
2026-05-22,SH5,竹筍-烏殼綠,109,台北一,252472,6303,7
2026-05-22,SH5,竹筍-烏殼綠,109,台北一,516030,11964,X
2026-05-22,SH7,竹筍-去殼,109,台北一,14269,426,X
2026-05-22,SJ2,芋-檳榔心芋,109,台北一,191766,4789,X
2026-05-22,SJ3,芋-里芋,109,台北一,15750,205,X
2026-05-22,SJ4,芋-芋莖,109,台北一,900,60,X
2026-05-22,SJ5,芋-芋角,109,台北一,1200,24,X
2026-05-22,SL1,豆薯,109,台北一,38895,1995,X
2026-05-22,SM9,牛蒡-進口,109,台北一,3200,100,X
2026-05-22,SN1,蓮藕,109,台北一,6450,180,X
2026-05-22,SO0,甘薯-其他,109,台北一,23745,2330,X
2026-05-22,SO1,甘薯-臺農57號,109,台北一,157831,11420,X
2026-05-22,SO2,甘薯-芋仔甘薯,109,台北一,26609,2456,X
2026-05-22,SO3,甘薯-臺農66號,109,台北一,105439,7067,X
2026-05-22,SP0,薑-其他,109,台北一,6805,122,X
2026-05-22,SP1,薑-老薑,109,台北一,171915,1486,X
2026-05-22,SP2,薑-嫩薑,109,台北一,160040,1525,X
2026-05-22,SP4,薑-竹薑,109,台北一,2600,20,X
2026-05-22,SP5,薑-薑黃,109,台北一,2850,19,X
2026-05-22,SQ1,茭白筍-帶殼,109,台北一,567635,7835,X
2026-05-22,SQ3,茭白筍-去殼,109,台北一,436936,3606,X
2026-05-22,SR3,菱角-去殼,109,台北一,2040,17,X
2026-05-22,ST1,蕎頭-露蕎,109,台北一,4550,47,X
2026-05-22,SU1,薯蕷-紅薯蕷,109,台北一,40130,265,X
2026-05-22,SU2,薯蕷-白薯蕷,109,台北一,44461,442,X
2026-05-22,SU21,薯蕷-白薯蕷 人參,109,台北一,139812,2341,X
2026-05-22,SU3,薯蕷-樹薯,109,台北一,4136,88,X
2026-05-22,SU9,薯蕷-進口,109,台北一,89429,1102,X
2026-05-22,SV1,蘆筍-白蘆筍,109,台北一,43080,167,X
2026-05-22,SV2,蘆筍-綠蘆筍,109,台北一,23430,183,7
2026-05-22,SV2,蘆筍-綠蘆筍,109,台北一,387318,2452,X
2026-05-22,SV3,蘆筍-蘆筍花,109,台北一,260,2,X
2026-05-22,SV92,蘆筍-進口 綠蘆筍,109,台北一,273873,1576,X
2026-05-22,SW1,球莖甘藍,109,台北一,26600,1748,X
2026-05-22,SX3,芽菜類-豌豆芽,109,台北一,9760,122,X
2026-05-22,SZ1,半天筍,109,台北一,8400,120,X
2026-05-22,SZ3,金針筍,109,台北一,80,1,X
2026-05-22,SZ5,草石蠶,109,台北一,800,4,X
2026-05-22,SZ7,晚香玉筍,109,台北一,20000,57,X
2026-05-22,SZ8,香茅,109,台北一,11552,329,X
2026-05-22,T0,西瓜-其他,109,台北一,76876,2087,X
2026-05-22,T2,西瓜-無子西瓜,109,台北一,4110,471,X
2026-05-22,T4,西瓜-鳳光英妙,109,台北一,3884,586,X
2026-05-22,T5,西瓜-黃肉,109,台北一,280140,29033,X
2026-05-22,T8,西瓜-甜美人,109,台北一,58929,5758,X
2026-05-22,V0,甜瓜-其他,109,台北一,13440,192,X
2026-05-22,V1,甜瓜-美濃,109,台北一,218893,9330,X
2026-05-22,V2,甜瓜-溫室吊瓜,109,台北一,117212,1026,X
2026-05-22,W1,洋香瓜-網狀紅肉,109,台北一,149041,3707,X
2026-05-22,W2,洋香瓜-網狀綠肉,109,台北一,178867,7255,X
2026-05-22,W4,洋香瓜-新疆,109,台北一,172522,3919,X
2026-05-22,W5,洋香瓜-光面紅肉,109,台北一,22583,712,X
2026-05-22,W6,洋香瓜-光面綠肉,109,台北一,4140,180,X
2026-05-22,W7,洋香瓜-光面白肉,109,台北一,20202,679,X
2026-05-22,W8,洋香瓜-阿露斯,109,台北一,121400,1160,X
2026-05-22,X69,蘋果-富士進口,109,台北一,75810,1028,X
2026-05-22,Y0,桃子-其他,109,台北一,67455,795,X
2026-05-22,Y1,桃子-水蜜桃,109,台北一,284888,3510,X
2026-05-22,Y3,桃子-甜桃,109,台北一,142965,2625,X
2026-05-22,Y4,桃子-早桃,109,台北一,37440,888,X
2026-05-22,Y5,桃子-福壽桃,109,台北一,13145,262,X
2026-05-22,Y9,桃子-進口,109,台北一,6400,40,X
2026-05-22,11,椰子,220,板橋區,5878,814,X
2026-05-22,42,楊梅,220,板橋區,720,16,X
2026-05-22,459,草莓-進口,220,板橋區,8000,18,X
2026-05-22,469,藍莓-進口,220,板橋區,250000,500,X
2026-05-22,50,百香果-其他,220,板橋區,1620,18,X
2026-05-22,51,百香果-改良種,220,板橋區,2670,42,7
2026-05-22,51,百香果-改良種,220,板橋區,54220,941,X
2026-05-22,61,甘蔗-帶皮,220,板橋區,15264,1696,X
2026-05-22,72,小番茄-聖女,220,板橋區,24600,634,X
2026-05-22,74,小番茄-玉女,220,板橋區,44680,500,X
2026-05-22,812,紅龍果-紅肉,220,板橋區,26904,642,X
2026-05-22,859,榴槤-進口,220,板橋區,598500,2700,X
2026-05-22,869,山竹-進口,220,板橋區,10000,16,X
2026-05-22,91,其他,220,板橋區,720,72,X
2026-05-22,A0,香蕉-其他,220,板橋區,1740,174,X
2026-05-22,A1,香蕉,220,板橋區,8205,330,7
2026-05-22,A1,香蕉,220,板橋區,231105,9810,X
2026-05-22,A2,香蕉-芭蕉紅芭蕉,220,板橋區,8689,210,X
2026-05-22,A4,香蕉-越旦,220,板橋區,10009,448,X
2026-05-22,B2,鳳梨-金鑽鳳梨,220,板橋區,241111,11045,X
2026-05-22,B6,鳳梨-甜蜜蜜,220,板橋區,2640,125,X
2026-05-22,C2,茂谷柑,220,板橋區,26820,774,X
2026-05-22,E9,甜橙-進口,220,板橋區,57200,936,X
2026-05-22,F0,雜柑-其他,220,板橋區,6480,216,X
2026-05-22,F1,雜柑-檸檬,220,板橋區,7704,162,X
2026-05-22,F5,雜柑-無子檸檬,220,板橋區,5100,60,X
2026-05-22,F6,雜柑-黃金檸檬,220,板橋區,11900,140,X
2026-05-22,FA1,黃秋葵,220,板橋區,750,50,7
2026-05-22,FA1,黃秋葵,220,板橋區,48722,1650,X
2026-05-22,FB1,花椰菜-青梗,220,板橋區,112118,4504,X
2026-05-22,FC1,胡瓜-黑刺,220,板橋區,7600,300,7
2026-05-22,FC1,胡瓜-黑刺,220,板橋區,87394,4478,X
2026-05-22,FD0,花胡瓜-其他,220,板橋區,2647.2,31,4
2026-05-22,FD0,花胡瓜-其他,220,板橋區,720,24,6
2026-05-22,FD0,花胡瓜-其他,220,板橋區,5295,265,X
2026-05-22,FD1,花胡瓜,220,板橋區,504,7,4
2026-05-22,FD1,花胡瓜,220,板橋區,10540,404,7
2026-05-22,FD1,花胡瓜,220,板橋區,186430,8085,X
2026-05-22,FE1,冬瓜-白皮,220,板橋區,10965,1488,X
2026-05-22,FF0,絲瓜-其他,220,板橋區,57972,2677,X
2026-05-22,FF1,絲瓜,220,板橋區,3675,135,7
2026-05-22,FF1,絲瓜,220,板橋區,262783,10697,X
2026-05-22,FF2,絲瓜-角瓜,220,板橋區,1920,66,X
2026-05-22,FG0,苦瓜-其他,220,板橋區,26382,1105,X
2026-05-22,FG1,苦瓜-白大米,220,板橋區,17515,430,7
2026-05-22,FG1,苦瓜-白大米,220,板橋區,175413,7438,X
2026-05-22,FG3,苦瓜-山苦瓜,220,板橋區,3705,59,X
2026-05-22,FG4,苦瓜-翠綠,220,板橋區,6564,318,X
2026-05-22,FH1,扁蒲-長形,220,板橋區,420,140,X
2026-05-22,FH2,扁蒲-圓形,220,板橋區,560,80,X
2026-05-22,FH3,扁蒲-花蒲,220,板橋區,48719,4668,X
2026-05-22,FH4,扁蒲-梨子蒲,220,板橋區,2789,189,X
2026-05-22,FI0,茄子-其他,220,板橋區,1000,80,X
2026-05-22,FI2,茄子-麻荸茄,220,板橋區,94394,5155,X
2026-05-22,FI3,茄子-日本種,220,板橋區,688,73,X
2026-05-22,FJ1,番茄-黑柿,220,板橋區,6075,135,X
2026-05-22,FJ3,番茄-牛番茄,220,板橋區,402280,6450,X
2026-05-22,FK3,甜椒-新香,220,板橋區,720,24,X
2026-05-22,FK40,甜椒-彩色種 其他,220,板橋區,5210,94,X
2026-05-22,FK41,甜椒-彩色種 紅色,220,板橋區,3825,129,X
2026-05-22,FK42,甜椒-彩色種 黃色,220,板橋區,2505,137,X
2026-05-22,FK5,甜椒-青椒,220,板橋區,47242,1468,X
2026-05-22,FK6,甜椒-水果彩椒,220,板橋區,3000,30,6
2026-05-22,FK6,甜椒-水果彩椒,220,板橋區,4700,80,X
2026-05-22,FK94,甜椒-進口 彩色種,220,板橋區,1025,130,X
2026-05-22,FL9,豌豆-進口,220,板橋區,6440,404,X
2026-05-22,FM1,菜豆-白色,220,板橋區,1224,18,X
2026-05-22,FM2,菜豆-青色,220,板橋區,87723,3511,X
2026-05-22,FN1,敏豆-白豆,220,板橋區,1440,8,4
2026-05-22,FN1,敏豆-白豆,220,板橋區,139152,2217,X
2026-05-22,FN3,敏豆-粉豆,220,板橋區,1500,50,X
2026-05-22,FN5,敏豆-醜豆,220,板橋區,20917,509,X
2026-05-22,FP3,鵲豆-肉豆,220,板橋區,210,6,X
2026-05-22,FQ1,毛豆-豆莢,220,板橋區,270,18,X
2026-05-22,FQ2,毛豆-豆仁,220,板橋區,21116,235,X
2026-05-22,FR1,青花苔,220,板橋區,4200,180,X
2026-05-22,FR9,青花苔-進口,220,板橋區,107814,5284,X
2026-05-22,FS1,越瓜-青色,220,板橋區,360,36,X
2026-05-22,FT1,南瓜-木瓜形,220,板橋區,4443,255,X
2026-05-22,FT11,南瓜-木瓜型 阿成,220,板橋區,38278,2085,X
2026-05-22,FT2,南瓜-圓形,220,板橋區,18094,848,X
2026-05-22,FT5,南瓜-青如意,220,板橋區,121515,4716,X
2026-05-22,FT9,南瓜-進口,220,板橋區,8000,760,X
2026-05-22,FT97,南瓜-進口 栗子,220,板橋區,41220,1383,X
2026-05-22,FU1,隼人瓜,220,板橋區,10114,1554,X
2026-05-22,FU2,隼人瓜-瓜苗,220,板橋區,14412,348,7
2026-05-22,FU2,隼人瓜-瓜苗,220,板橋區,48886,1070,X
2026-05-22,FV1,辣椒-紅小,220,板橋區,13916,314,X
2026-05-22,FV4,辣椒-朝天椒,220,板橋區,13255,521,X
2026-05-22,FV5,辣椒-青龍,220,板橋區,800,20,X
2026-05-22,FV6,辣椒-糯米椒,220,板橋區,17152,250,X
2026-05-22,FV9,辣椒-進口,220,板橋區,147,21,X
2026-05-22,FW1,金針花,220,板橋區,3200,22,X
2026-05-22,FX1,花豆,220,板橋區,450,15,X
2026-05-22,FY0,玉米-其他,220,板橋區,9180,360,X
2026-05-22,FY4,玉米-玉米筍,220,板橋區,2520,14,4
2026-05-22,FY4,玉米-玉米筍,220,板橋區,1980,78,X
2026-05-22,FY41,玉米-玉米筍 帶殼,220,板橋區,5600,160,4
2026-05-22,FY41,玉米-玉米筍 帶殼,220,板橋區,16114,1312,X
2026-05-22,FY5,玉米-糯米黑,220,板橋區,59484,3419,X
2026-05-22,FY6,玉米-甜軟殼,220,板橋區,70796,5022,X
2026-05-22,FY8,玉米-白龍王,220,板橋區,10700,490,X
2026-05-22,FY9,玉米-進口,220,板橋區,350,10,X
2026-05-22,FY94,玉米-進口 玉米筍,220,板橋區,4176,144,X
2026-05-22,FZ1,落花生-生,220,板橋區,12250,310,X
2026-05-22,G3,酪梨,220,板橋區,55793,590,X
2026-05-22,G49,奇異果-進口,220,板橋區,113000,690,X
2026-05-22,G9,波蘿蜜,220,板橋區,1024,67,X
2026-05-22,I1,木瓜-網室紅肉,220,板橋區,32712,888,7
2026-05-22,I1,木瓜-網室紅肉,220,板橋區,92099,3060,X
2026-05-22,I3,木瓜-日昇種,220,板橋區,18020,506,X
2026-05-22,I4,木瓜-青木瓜,220,板橋區,10945,545,X
2026-05-22,J0,荔枝-其他,220,板橋區,30340,446,X
2026-05-22,J1,荔枝-玉荷包,220,板橋區,387480,2983,X
2026-05-22,LA1,甘藍-初秋,220,板橋區,929498,46817,X
2026-05-22,LA2,甘藍-改良種,220,板橋區,160688,8552,X
2026-05-22,LA6,甘藍-甘藍芽,220,板橋區,2070,69,X
2026-05-22,LA9,甘藍-進口,220,板橋區,12625,3100,X
2026-05-22,LA92,甘藍-進口 改良種,220,板橋區,28980,2160,X
2026-05-22,LB1,小白菜-土白菜,220,板橋區,15964,1247,X
2026-05-22,LB2,小白菜-蚵仔白,220,板橋區,37879,3583,X
2026-05-22,LB3,小白菜-奶油白,220,板橋區,4136,357,X
2026-05-22,LC0,包心白-其他,220,板橋區,3820,82,X
2026-05-22,LC1,包心白-包白,220,板橋區,70590,8170,X
2026-05-22,LC9,包心白-進口,220,板橋區,5440,830,X
2026-05-22,LC90,包心白菜-進口 其他,220,板橋區,39605,2085,X
2026-05-22,LC91,包心白菜-進口 包白,220,板橋區,13755,1965,X
2026-05-22,LC93,包心白菜-進口 包頭蓮 ,220,板橋區,55425,3005,X
2026-05-22,LD1,青江白菜-小梗,220,板橋區,536702,10565,7
2026-05-22,LD1,青江白菜-小梗,220,板橋區,30613,3019,X
2026-05-22,LE1,皇宮菜-小葉,220,板橋區,8953,276,X
2026-05-22,LE2,皇宮菜-大葉,220,板橋區,5992,317,X
2026-05-22,LF2,蕹菜-小葉,220,板橋區,784309.2,14444,7
2026-05-22,LF2,蕹菜-小葉,220,板橋區,52782,3561,X
2026-05-22,LF3,蕹菜-水蕹菜,220,板橋區,864,48,X
2026-05-22,LG2,芹菜-白梗,220,板橋區,52116,1023,X
2026-05-22,LG9,芹菜-進口,220,板橋區,6438,788,X
2026-05-22,LH1,菠菜-圓葉,220,板橋區,4410,126,X
2026-05-22,LH2,菠菜-角葉,220,板橋區,80894,2824,X
2026-05-22,LI1,萵苣菜-廣東菜,220,板橋區,460,20,X
2026-05-22,LI2,萵苣菜-結球萵,220,板橋區,14305,615,X
2026-05-22,LI3,萵苣菜-本島圓葉,220,板橋區,28296,1273,X
2026-05-22,LI5,萵苣菜-油麥菜,220,板橋區,49326,5177,X
2026-05-22,LI6,萵苣菜-蘿美,220,板橋區,960,48,X
2026-05-22,LI72,萵苣菜-綠捲,220,板橋區,125,5,X
2026-05-22,LI8,萵苣菜-水耕,220,板橋區,6375,105,X
2026-05-22,LI9,萵苣菜-進口,220,板橋區,12223,883,X
2026-05-22,LI92,萵苣菜-進口 結球萵,220,板橋區,15880,268,X
2026-05-22,LJ3,芥菜-大芥菜,220,板橋區,16560,1720,X
2026-05-22,LJ4,芥菜-小芥菜,220,板橋區,2008,278,X
2026-05-22,LK2,芥藍菜,220,板橋區,3374,661,X
2026-05-22,LK3,芥藍菜-芥藍芽,220,板橋區,20422,946,X
2026-05-22,LM1,莧菜-紅莧菜,220,板橋區,2850,150,X
2026-05-22,LM2,莧菜-白莧菜,220,板橋區,200,20,4
2026-05-22,LM2,莧菜-白莧菜,220,板橋區,28425,1395,X
2026-05-22,LN1,油菜,220,板橋區,18968,1958,X
2026-05-22,LO1,甘薯葉,220,板橋區,55523,2659,X
2026-05-22,LP1,芫荽,220,板橋區,15323,384,X
2026-05-22,LP2,九層塔,220,板橋區,13397,427,X
2026-05-22,LQ1,紅鳳菜-紅鳳菜,220,板橋區,19703,552,X
2026-05-22,LS1,茴香,220,板橋區,1995,40,X
2026-05-22,LT2,海菜-海帶,220,板橋區,225,9,X
2026-05-22,LT3,海菜-水蓮,220,板橋區,11640,132,7
2026-05-22,LT3,海菜-水蓮,220,板橋區,41634,498,X
2026-05-22,LV1,巴西利,220,板橋區,725,65,X
2026-05-22,MA1,洋菇,220,板橋區,1026,18,X
2026-05-22,MA2,洋菇-盒裝,220,板橋區,2213,39,X
2026-05-22,MC0,濕木耳-其他,220,板橋區,2475,45,X
2026-05-22,MC1,濕木耳,220,板橋區,4570,115,X
2026-05-22,MD1,濕香菇,220,板橋區,12648,249,X
2026-05-22,ME1,金絲菇-金針菇,220,板橋區,18598,966,X
2026-05-22,MI1,秀珍菇,220,板橋區,7758,183,X
2026-05-22,MJ1,杏鮑菇,220,板橋區,28353,661,X
2026-05-22,MK1,鴻喜菇,220,板橋區,12117,246,X
2026-05-22,MX1,其他菇類,220,板橋區,17242,307,X
2026-05-22,N0,李-其他,220,板橋區,7560,252,X
2026-05-22,N3,李-紅肉李,220,板橋區,41713,1117,X
2026-05-22,O2,梨-秋水梨,220,板橋區,8740,166,X
2026-05-22,O99,梨-西洋梨進口,220,板橋區,159200,2052,X
2026-05-22,OE2,醃瓜-漬,220,板橋區,4212,108,X
2026-05-22,OX1,其他,220,板橋區,21510,976,X
2026-05-22,P1,番石榴-珍珠芭,220,板橋區,244101,4967,X
2026-05-22,P2,番石榴-紅心,220,板橋區,4718,122,X
2026-05-22,P3,番石榴-帝王芭,220,板橋區,13020,156,X
2026-05-22,Q1,蓮霧-紅蓮霧,220,板橋區,13900,335,X
2026-05-22,R0,芒果-其他,220,板橋區,30980,668,X
2026-05-22,R1,芒果-愛文,220,板橋區,349620,5938,X
2026-05-22,R10,芒果-西施,220,板橋區,2065,49,X
2026-05-22,R2,芒果-玉文,220,板橋區,46223,911,X
2026-05-22,R3,芒果-本島,220,板橋區,38649,1133,X
2026-05-22,R31,芒果-夏雪,220,板橋區,1800,30,X
2026-05-22,R5,芒果-黑香金興,220,板橋區,6680,130,X
2026-05-22,R6,芒果-金煌,220,板橋區,21400,466,X
2026-05-22,R8,芒果-芒果青,220,板橋區,1855,164,X
2026-05-22,S1,葡萄-巨峰,220,板橋區,39028,536,X
2026-05-22,S9,葡萄-進口,220,板橋區,42000,21,X
2026-05-22,SA3,蘿蔔-矸仔,220,板橋區,19350,3300,X
2026-05-22,SA7,蘿蔔-甜菜根,220,板橋區,375,25,X
2026-05-22,SA9,蘿蔔-進口,220,板橋區,81400,8440,X
2026-05-22,SB1,胡蘿蔔-未洗,220,板橋區,13216,879,X
2026-05-22,SB2,胡蘿蔔-清洗,220,板橋區,25800,1500,7
2026-05-22,SB2,胡蘿蔔-清洗,220,板橋區,58430,4400,X
2026-05-22,SC1,馬鈴薯-本產,220,板橋區,234,18,6
2026-05-22,SC1,馬鈴薯-本產,220,板橋區,59864,3740,X
2026-05-22,SC9,馬鈴薯-進口,220,板橋區,1920,260,X
2026-05-22,SD1,洋蔥-本產,220,板橋區,58212,4128,X
2026-05-22,SD9,洋蔥-進口,220,板橋區,27204,2480,X
2026-05-22,SE2,青蔥-北蔥,220,板橋區,7936,244,X
2026-05-22,SE5,青蔥-紅蔥頭,220,板橋區,24676,344,X
2026-05-22,SE6,青蔥-粉蔥,220,板橋區,154208,3184,X
2026-05-22,SF1,韭菜-白頭,220,板橋區,1120,32,X
2026-05-22,SF2,韭菜-韭菜黃,220,板橋區,3736,41,X
2026-05-22,SF3,韭菜-韭菜花,220,板橋區,7615,183,X
2026-05-22,SF4,韭菜-青頭,220,板橋區,13695,627,X
2026-05-22,SG2,大蒜-軟梗,220,板橋區,19610,662,X
2026-05-22,SG5,大蒜-蒜頭,220,板橋區,13290,253,X
2026-05-22,SG6,大蒜-蒜仁,220,板橋區,16706,206,X
2026-05-22,SG7,大蒜-蒜瓣,220,板橋區,19820,163,X
2026-05-22,SG9,大蒜-進口,220,板橋區,5508,234,X
2026-05-22,SH2,竹筍-綠竹筍,220,板橋區,107100,1260,X
2026-05-22,SH5,竹筍-烏殼綠,220,板橋區,19900,560,7
2026-05-22,SH5,竹筍-烏殼綠,220,板橋區,133350,3526,X
2026-05-22,SJ2,芋-檳榔心芋,220,板橋區,36353,1059,X
2026-05-22,SJ3,芋-里芋,220,板橋區,720,24,X
2026-05-22,SK2,荸薺-加工,220,板橋區,1320,20,X
2026-05-22,SL1,豆薯,220,板橋區,9720,570,X
2026-05-22,SM9,牛蒡-進口,220,板橋區,6350,1270,X
2026-05-22,SN2,蓮藕-蓮子,220,板橋區,1200,5,X
2026-05-22,SO0,甘薯-其他,220,板橋區,3392,32,4
2026-05-22,SO0,甘薯-其他,220,板橋區,3075,150,X
2026-05-22,SO1,甘薯-臺農57號,220,板橋區,77933,6909,X
2026-05-22,SO2,甘薯-芋仔甘薯,220,板橋區,6216,598,X
2026-05-22,SO3,甘薯-臺農66號,220,板橋區,19631,1703,X
2026-05-22,SP1,薑-老薑,220,板橋區,11340,126,X
2026-05-22,SP2,薑-嫩薑,220,板橋區,51347,545,X
2026-05-22,SQ1,茭白筍-帶殼,220,板橋區,39510,1080,X
2026-05-22,SQ3,茭白筍-去殼,220,板橋區,38852,364,X
2026-05-22,SU2,薯蕷-白薯蕷,220,板橋區,8640,120,X
2026-05-22,SU21,薯蕷-白薯蕷 人參,220,板橋區,23586,533,X
2026-05-22,SU9,薯蕷-進口,220,板橋區,11000,510,X
2026-05-22,SV1,蘆筍-白蘆筍,220,板橋區,6265,71,X
2026-05-22,SV2,蘆筍-綠蘆筍,220,板橋區,1425,5,4
2026-05-22,SV2,蘆筍-綠蘆筍,220,板橋區,25300,188,X
2026-05-22,SV3,蘆筍-蘆筍花,220,板橋區,840,10,X
2026-05-22,SV9,蘆筍-進口,220,板橋區,6570,178,X
2026-05-22,SW1,球莖甘藍,220,板橋區,640,80,X
2026-05-22,SX3,芽菜類-豌豆芽,220,板橋區,3150,42,X
2026-05-22,SX4,芽菜類-苜蓿芽,220,板橋區,3066,42,X
2026-05-22,SZ3,金針筍,220,板橋區,243,3,X
2026-05-22,SZ8,香茅,220,板橋區,583,32,X
2026-05-22,T0,西瓜-其他,220,板橋區,12020,290,X
2026-05-22,T1,西瓜-大西瓜,220,板橋區,189565,10510,X
2026-05-22,T2,西瓜-無子西瓜,220,板橋區,990,99,X
2026-05-22,T4,西瓜-鳳光英妙,220,板橋區,936,128,X
2026-05-22,T5,西瓜-黃肉,220,板橋區,17788,2160,X
2026-05-22,T8,西瓜-甜美人,220,板橋區,10432,966,X
2026-05-22,V1,甜瓜-美濃,220,板橋區,20173,1128,X
2026-05-22,W8,洋香瓜-阿露斯,220,板橋區,8200,103,X
2026-05-22,X69,蘋果-富士進口,220,板橋區,927600,10960,X
2026-05-22,Y0,桃子-其他,220,板橋區,16020,630,X
2026-05-22,Y1,桃子-水蜜桃,220,板橋區,1840,23,X
2026-05-22,Y19,桃子-水蜜桃進口,220,板橋區,99000,225,X
2026-05-22,Y3,桃子-甜桃,220,板橋區,42285,605,X
2026-05-22,Y4,桃子-早桃,220,板橋區,41600,1040,X
2026-05-22,Z9,柿子-進口,220,板橋區,14400,48,X
2026-05-22,11,椰子,241,三重區,49785,6110,X
2026-05-22,12,椰子-剝殼,241,三重區,6480,360,X
2026-05-22,42,楊梅,241,三重區,4192,64,X
2026-05-22,469,藍莓-進口,241,三重區,674016,1368,X
2026-05-22,50,百香果-其他,241,三重區,8120,119,X
2026-05-22,51,百香果-改良種,241,三重區,15342,132,7
2026-05-22,51,百香果-改良種,241,三重區,396017,6506,X
2026-05-22,61,甘蔗-帶皮,241,三重區,24192,2688,X
2026-05-22,71,小番茄-ㄧ般,241,三重區,1015,35,X
2026-05-22,72,小番茄-聖女,241,三重區,6000,150,7
2026-05-22,72,小番茄-聖女,241,三重區,418100,12210,X
2026-05-22,74,小番茄-玉女,241,三重區,12050,180,7
2026-05-22,74,小番茄-玉女,241,三重區,228472,2767,X
2026-05-22,812,紅龍果-紅肉,241,三重區,57264,711,7
2026-05-22,812,紅龍果-紅肉,241,三重區,277859,3178,X
2026-05-22,813,紅龍果-雙色紅龍果,241,三重區,9779,125,X
2026-05-22,839,櫻桃-進口,241,三重區,172500,345,X
2026-05-22,859,榴槤-進口,241,三重區,4953850,30200,X
2026-05-22,869,山竹-進口,241,三重區,39600,66,X
2026-05-22,91,其他,241,三重區,4500,90,X
2026-05-22,A0,香蕉-其他,241,三重區,1950,195,X
2026-05-22,A1,香蕉,241,三重區,6750,450,7
2026-05-22,A1,香蕉,241,三重區,407070,18435,X
2026-05-22,A2,香蕉-芭蕉紅芭蕉,241,三重區,202633,4073,X
2026-05-22,A3,香蕉-旦蕉,241,三重區,500,17,X
2026-05-22,A4,香蕉-越旦,241,三重區,465,15,7
2026-05-22,A4,香蕉-越旦,241,三重區,16657,564,X
2026-05-22,B2,鳳梨-金鑽鳳梨,241,三重區,23507,1133,7
2026-05-22,B2,鳳梨-金鑽鳳梨,241,三重區,1326526,62427,X
2026-05-22,B6,鳳梨-甜蜜蜜,241,三重區,82705,2363,X
2026-05-22,C2,茂谷柑,241,三重區,46332,2394,X
2026-05-22,C9,柑橘-進口,241,三重區,88500,816,X
2026-05-22,E9,甜橙-進口,241,三重區,116400,1940,X
2026-05-22,F1,雜柑-檸檬,241,三重區,223793,3664,X
2026-05-22,F4,雜柑-桔子,241,三重區,6997,150,X
2026-05-22,F5,雜柑-無子檸檬,241,三重區,128779,1785,X
2026-05-22,F6,雜柑-黃金檸檬,241,三重區,2201,31,X
2026-05-22,F9,雜柑-進口,241,三重區,2000,20,X
2026-05-22,FA1,黃秋葵,241,三重區,2225,70,7
2026-05-22,FA1,黃秋葵,241,三重區,54450,1660,X
2026-05-22,FB1,花椰菜-青梗,241,三重區,93170,4944,X
2026-05-22,FC1,胡瓜-黑刺,241,三重區,37225,2651,X
2026-05-22,FD0,花胡瓜-其他,241,三重區,2514,114,X
2026-05-22,FD1,花胡瓜,241,三重區,157798,7493,X
2026-05-22,FE1,冬瓜-白皮,241,三重區,10601,1828,X
2026-05-22,FF0,絲瓜-其他,241,三重區,26347,1423,X
2026-05-22,FF1,絲瓜,241,三重區,5955,240,7
2026-05-22,FF1,絲瓜,241,三重區,200913,9732,X
2026-05-22,FF2,絲瓜-角瓜,241,三重區,2325,121,X
2026-05-22,FG0,苦瓜-其他,241,三重區,27541,1152,X
2026-05-22,FG1,苦瓜-白大米,241,三重區,2100,60,7
2026-05-22,FG1,苦瓜-白大米,241,三重區,161891,5379,X
2026-05-22,FG3,苦瓜-山苦瓜,241,三重區,7606,103,X
2026-05-22,FG4,苦瓜-翠綠,241,三重區,10164,395,X
2026-05-22,FH1,扁蒲-長形,241,三重區,600,200,X
2026-05-22,FH3,扁蒲-花蒲,241,三重區,40619,3768,X
2026-05-22,FH4,扁蒲-梨子蒲,241,三重區,4080,376,X
2026-05-22,FI0,茄子-其他,241,三重區,5490,328,X
2026-05-22,FI2,茄子-麻荸茄,241,三重區,77697,4443,X
2026-05-22,FI3,茄子-日本種,241,三重區,1982,162,X
2026-05-22,FJ1,番茄-黑柿,241,三重區,3295,50,X
2026-05-22,FJ3,番茄-牛番茄,241,三重區,30260,560,7
2026-05-22,FJ3,番茄-牛番茄,241,三重區,317150,6520,X
2026-05-22,FK3,甜椒-新香,241,三重區,1316,61,X
2026-05-22,FK40,甜椒-彩色種 其他,241,三重區,22197,418,X
2026-05-22,FK41,甜椒-彩色種 紅色,241,三重區,8599,351,X
2026-05-22,FK42,甜椒-彩色種 黃色,241,三重區,3887,156,X
2026-05-22,FK5,甜椒-青椒,241,三重區,30427,1221,X
2026-05-22,FK6,甜椒-水果彩椒,241,三重區,16020,160,6
2026-05-22,FK6,甜椒-水果彩椒,241,三重區,3560,104,X
2026-05-22,FL2,豌豆-紅花,241,三重區,636,12,X
2026-05-22,FL6,豌豆-甜豌豆,241,三重區,1208,8,X
2026-05-22,FM1,菜豆-白色,241,三重區,3010,127,X
2026-05-22,FM2,菜豆-青色,241,三重區,49533,2635,X
2026-05-22,FM3,菜豆-紅色,241,三重區,600,20,X
2026-05-22,FN1,敏豆-白豆,241,三重區,98002,1679,X
2026-05-22,FN5,敏豆-醜豆,241,三重區,13754,313,X
2026-05-22,FP1,萊豆-豆莢,241,三重區,1800,25,X
2026-05-22,FP2,萊豆-豆仁,241,三重區,1050,11,X
2026-05-22,FQ1,毛豆-豆莢,241,三重區,6816,142,X
2026-05-22,FQ2,毛豆-豆仁,241,三重區,2700,30,6
2026-05-22,FQ2,毛豆-豆仁,241,三重區,29140,270,X
2026-05-22,FR1,青花苔,241,三重區,40228,1092,X
2026-05-22,FR9,青花苔-進口,241,三重區,54765,990,X
2026-05-22,FT11,南瓜-木瓜型 阿成,241,三重區,48838,2639,X
2026-05-22,FT2,南瓜-圓形,241,三重區,46130,2089,X
2026-05-22,FT3,南瓜-黃如意,241,三重區,150,50,X
2026-05-22,FT5,南瓜-青如意,241,三重區,94538,2844,X
2026-05-22,FT9,南瓜-進口,241,三重區,10110,450,X
2026-05-22,FT96,南瓜-進口 東昇,241,三重區,960,60,X
2026-05-22,FT97,南瓜-進口 栗子,241,三重區,46481,1934,X
2026-05-22,FU1,隼人瓜,241,三重區,11602,1319,X
2026-05-22,FU2,隼人瓜-瓜苗,241,三重區,29628,672,X
2026-05-22,FV0,辣椒-其他,241,三重區,2215,44,X
2026-05-22,FV1,辣椒-紅小,241,三重區,5429,122,X
2026-05-22,FV4,辣椒-朝天椒,241,三重區,20714,684,X
2026-05-22,FV6,辣椒-糯米椒,241,三重區,10675,129,X
2026-05-22,FW1,金針花,241,三重區,9240,78,X
2026-05-22,FY0,玉米-其他,241,三重區,5570,90,X
2026-05-22,FY4,玉米-玉米筍,241,三重區,800,10,X
2026-05-22,FY41,玉米-玉米筍 帶殼,241,三重區,11889,1396,X
2026-05-22,FY5,玉米-糯米黑,241,三重區,31606,1824,X
2026-05-22,FY6,玉米-甜軟殼,241,三重區,32100,1850,X
2026-05-22,FY7,玉米-糯米白,241,三重區,2160,180,X
2026-05-22,FY8,玉米-白龍王,241,三重區,11820,820,X
2026-05-22,FZ1,落花生-生,241,三重區,50150,975,X
2026-05-22,G2,黃金果,241,三重區,18702,201,X
2026-05-22,G3,酪梨,241,三重區,201183,1934,X
2026-05-22,G39,酪梨-進口,241,三重區,78000,390,X
2026-05-22,G49,奇異果-進口,241,三重區,848344,8619,X
2026-05-22,G7,橄欖,241,三重區,675,45,X
2026-05-22,G9,波蘿蜜,241,三重區,22438,1327,X
2026-05-22,G91,榴槤蜜,241,三重區,1000,20,X
2026-05-22,H49,葡萄柚-紅肉進口,241,三重區,41000,820,X
2026-05-22,I1,木瓜-網室紅肉,241,三重區,1146696,38765,X
2026-05-22,I3,木瓜-日昇種,241,三重區,126732,4384,X
2026-05-22,I4,木瓜-青木瓜,241,三重區,719,30,X
2026-05-22,J0,荔枝-其他,241,三重區,171814,2824,X
2026-05-22,J1,荔枝-玉荷包,241,三重區,23580,150,7
2026-05-22,J1,荔枝-玉荷包,241,三重區,1935780,19849,X
2026-05-22,K41,龍眼-龍眼肉,241,三重區,3300,15,X
2026-05-22,LA1,甘藍-初秋,241,三重區,497580,24761,X
2026-05-22,LA2,甘藍-改良種,241,三重區,30000,1500,X
2026-05-22,LA4,甘藍-紫色,241,三重區,1530,75,X
2026-05-22,LA7,甘藍-改良尖,241,三重區,29378,1370,X
2026-05-22,LA9,甘藍-進口,241,三重區,19980,1620,X
2026-05-22,LB1,小白菜-土白菜,241,三重區,1975,275,X
2026-05-22,LB2,小白菜-蚵仔白,241,三重區,34279,3529,X
2026-05-22,LB3,小白菜-奶油白,241,三重區,3880,306,X
2026-05-22,LC0,包心白-其他,241,三重區,16070,334,X
2026-05-22,LC1,包心白-包白,241,三重區,81098,11242,X
2026-05-22,LC9,包心白-進口,241,三重區,8348,485,X
2026-05-22,LC90,包心白菜-進口 其他,241,三重區,42855,2961,X
2026-05-22,LC93,包心白菜-進口 包頭蓮 ,241,三重區,31200,2085,X
2026-05-22,LD1,青江白菜-小梗,241,三重區,22924,2141,X
2026-05-22,LE1,皇宮菜-小葉,241,三重區,12674,416,X
2026-05-22,LE2,皇宮菜-大葉,241,三重區,646,50,X
2026-05-22,LF2,蕹菜-小葉,241,三重區,48478,3496,X
2026-05-22,LF3,蕹菜-水蕹菜,241,三重區,560,80,X
2026-05-22,LG2,芹菜-白梗,241,三重區,21805,536,X
2026-05-22,LG3,芹菜-西洋芹菜,241,三重區,1530,90,X
2026-05-22,LH1,菠菜-圓葉,241,三重區,972,36,X
2026-05-22,LH2,菠菜-角葉,241,三重區,36040,1080,X
2026-05-22,LI2,萵苣菜-結球萵,241,三重區,9642,560,X
2026-05-22,LI3,萵苣菜-本島圓葉,241,三重區,30206,1053,X
2026-05-22,LI5,萵苣菜-油麥菜,241,三重區,51675,4010,X
2026-05-22,LI6,萵苣菜-蘿美,241,三重區,6720,312,X
2026-05-22,LI8,萵苣菜-水耕,241,三重區,9975,270,X
2026-05-22,LI92,萵苣菜-進口 結球萵,241,三重區,7710,443,X
2026-05-22,LJ3,芥菜-大芥菜,241,三重區,2600,600,X
2026-05-22,LJ4,芥菜-小芥菜,241,三重區,6304,311,X
2026-05-22,LK2,芥藍菜,241,三重區,2260,692,X
2026-05-22,LK3,芥藍菜-芥藍芽,241,三重區,20910,752,X
2026-05-22,LM1,莧菜-紅莧菜,241,三重區,14715,583,X
2026-05-22,LM2,莧菜-白莧菜,241,三重區,55110,2166,X
2026-05-22,LN1,油菜,241,三重區,7080,770,X
2026-05-22,LN2,油菜-小松菜,241,三重區,2025,150,X
2026-05-22,LO1,甘薯葉,241,三重區,42041,3599,X
2026-05-22,LP1,芫荽,241,三重區,28488,535,X
2026-05-22,LP2,九層塔,241,三重區,13780,353,X
2026-05-22,LQ1,紅鳳菜-紅鳳菜,241,三重區,11625,371,X
2026-05-22,LT2,海菜-海帶,241,三重區,270,9,X
2026-05-22,LT3,海菜-水蓮,241,三重區,6000,54,7
2026-05-22,LT3,海菜-水蓮,241,三重區,14904,144,X
2026-05-22,MB1,草菇,241,三重區,60,6,X
2026-05-22,MC1,濕木耳,241,三重區,6345,108,X
2026-05-22,MD1,濕香菇,241,三重區,2280,24,X
2026-05-22,ME1,金絲菇-金針菇,241,三重區,5960,310,X
2026-05-22,MJ1,杏鮑菇,241,三重區,34928,474,X
2026-05-22,MK1,鴻喜菇,241,三重區,3055.2,23,X
2026-05-22,MX1,其他菇類,241,三重區,5976,50,X
2026-05-22,N0,李-其他,241,三重區,7074,263,X
2026-05-22,N2,李-桃接李,241,三重區,73246,4271,X
2026-05-22,N3,李-紅肉李,241,三重區,156399,6383,X
2026-05-22,N4,李-黃肉李,241,三重區,4226,156,X
2026-05-22,N9,李-進口,241,三重區,4000,50,X
2026-05-22,O2,梨-秋水梨,241,三重區,229180,4088,X
2026-05-22,O99,梨-西洋梨進口,241,三重區,245000,3120,X
2026-05-22,OX1,其他,241,三重區,3205,120,X
2026-05-22,P1,番石榴-珍珠芭,241,三重區,28316,356,7
2026-05-22,P1,番石榴-珍珠芭,241,三重區,1451637,26896,X
2026-05-22,P2,番石榴-紅心,241,三重區,61712,761,X
2026-05-22,P3,番石榴-帝王芭,241,三重區,47429,1014,X
2026-05-22,P5,番石榴-水晶無子,241,三重區,3060,36,X
2026-05-22,Q1,蓮霧-紅蓮霧,241,三重區,385629,7018,X
2026-05-22,Q2,蓮霧-子彈型,241,三重區,5250,75,7
2026-05-22,Q2,蓮霧-子彈型,241,三重區,278253,3843,X
2026-05-22,Q4,蓮霧-巴掌蓮霧,241,三重區,19615,317,X
2026-05-22,Q5,蓮霧-黑糖芭比,241,三重區,9380,134,X
2026-05-22,R0,芒果-其他,241,三重區,217326,4571,X
2026-05-22,R1,芒果-愛文,241,三重區,169194,1650,7
2026-05-22,R1,芒果-愛文,241,三重區,4767867,94801,X
2026-05-22,R10,芒果-西施,241,三重區,36006,602,X
2026-05-22,R2,芒果-玉文,241,三重區,30868,732,X
2026-05-22,R3,芒果-本島,241,三重區,179709,7303,X
2026-05-22,R31,芒果-夏雪,241,三重區,10610,206,X
2026-05-22,R5,芒果-黑香金興,241,三重區,31836,424,X
2026-05-22,R6,芒果-金煌,241,三重區,385416,9530,X
2026-05-22,R8,芒果-芒果青,241,三重區,66921,3373,X
2026-05-22,S1,葡萄-巨峰,241,三重區,783010,10826,X
2026-05-22,S9,葡萄-進口,241,三重區,232200,2418,X
2026-05-22,SA3,蘿蔔-矸仔,241,三重區,54305,6866,X
2026-05-22,SA7,蘿蔔-甜菜根,241,三重區,1760,80,X
2026-05-22,SA9,蘿蔔-進口,241,三重區,52936,3880,X
2026-05-22,SB1,胡蘿蔔-未洗,241,三重區,23933,1591,X
2026-05-22,SB2,胡蘿蔔-清洗,241,三重區,33520,1400,7
2026-05-22,SB2,胡蘿蔔-清洗,241,三重區,27500,2420,X
2026-05-22,SC1,馬鈴薯-本產,241,三重區,48048,2778,X
2026-05-22,SC9,馬鈴薯-進口,241,三重區,4600,300,X
2026-05-22,SD1,洋蔥-本產,241,三重區,7500,300,7
2026-05-22,SD1,洋蔥-本產,241,三重區,12264,720,X
2026-05-22,SD9,洋蔥-進口,241,三重區,36696,2688,X
2026-05-22,SE5,青蔥-紅蔥頭,241,三重區,9320,120,X
2026-05-22,SE6,青蔥-粉蔥,241,三重區,124430,2327,X
2026-05-22,SF3,韭菜-韭菜花,241,三重區,6789,128,X
2026-05-22,SF4,韭菜-青頭,241,三重區,14731,612,X
2026-05-22,SG2,大蒜-軟梗,241,三重區,26040,560,X
2026-05-22,SG4,大蒜-蔥蒜,241,三重區,1520,140,X
2026-05-22,SG5,大蒜-蒜頭,241,三重區,19594,359,X
2026-05-22,SG7,大蒜-蒜瓣,241,三重區,11423,225,X
2026-05-22,SH2,竹筍-綠竹筍,241,三重區,15140,200,X
2026-05-22,SH5,竹筍-烏殼綠,241,三重區,59880,1960,7
2026-05-22,SH5,竹筍-烏殼綠,241,三重區,75160,1860,X
2026-05-22,SJ2,芋-檳榔心芋,241,三重區,41670,1953,X
2026-05-22,SJ3,芋-里芋,241,三重區,720,48,X
2026-05-22,SJ4,芋-芋莖,241,三重區,450,30,X
2026-05-22,SL1,豆薯,241,三重區,10500,480,X
2026-05-22,SM9,牛蒡-進口,241,三重區,2500,100,X
2026-05-22,SO0,甘薯-其他,241,三重區,10595,857,X
2026-05-22,SO1,甘薯-臺農57號,241,三重區,87097,7230,X
2026-05-22,SO2,甘薯-芋仔甘薯,241,三重區,5600,575,X
2026-05-22,SO3,甘薯-臺農66號,241,三重區,20585,2167,X
2026-05-22,SP1,薑-老薑,241,三重區,69305,531,X
2026-05-22,SP2,薑-嫩薑,241,三重區,27162,270,X
2026-05-22,SP3,薑-粉薑,241,三重區,10476,108,X
2026-05-22,SP5,薑-薑黃,241,三重區,1650,22,X
2026-05-22,SQ1,茭白筍-帶殼,241,三重區,47490,930,X
2026-05-22,SQ3,茭白筍-去殼,241,三重區,30620,250,X
2026-05-22,ST1,蕎頭-露蕎,241,三重區,1320,11,X
2026-05-22,SU2,薯蕷-白薯蕷,241,三重區,3750,113,X
2026-05-22,SU21,薯蕷-白薯蕷 人參,241,三重區,50196,1166,X
2026-05-22,SU9,薯蕷-進口,241,三重區,500,20,X
2026-05-22,SV1,蘆筍-白蘆筍,241,三重區,4450,61,X
2026-05-22,SV2,蘆筍-綠蘆筍,241,三重區,32595,249,X
2026-05-22,SV92,蘆筍-進口 綠蘆筍,241,三重區,16800,112,X
2026-05-22,SW1,球莖甘藍,241,三重區,3300,300,X
2026-05-22,SZ8,香茅,241,三重區,2834,74,X
2026-05-22,T0,西瓜-其他,241,三重區,65678.5,1889,X
2026-05-22,T1,西瓜-大西瓜,241,三重區,2283920,144391,X
2026-05-22,T4,西瓜-鳳光英妙,241,三重區,8106,1511,X
2026-05-22,T5,西瓜-黃肉,241,三重區,183146,23921,X
2026-05-22,T8,西瓜-甜美人,241,三重區,52605,6178,X
2026-05-22,V0,甜瓜-其他,241,三重區,40950,1170,X
2026-05-22,V1,甜瓜-美濃,241,三重區,87883,5388,X
2026-05-22,V2,甜瓜-溫室吊瓜,241,三重區,6374,176,X
2026-05-22,W1,洋香瓜-網狀紅肉,241,三重區,165779,5744,X
2026-05-22,W2,洋香瓜-網狀綠肉,241,三重區,138640,3771,X
2026-05-22,W4,洋香瓜-新疆,241,三重區,213123,4214,X
2026-05-22,W7,洋香瓜-光面白肉,241,三重區,26980,586,X
2026-05-22,W8,洋香瓜-阿露斯,241,三重區,59219,577,X
2026-05-22,X49,蘋果-金冠進口,241,三重區,1800,10,X
2026-05-22,X69,蘋果-富士進口,241,三重區,2223100,30540,X
2026-05-22,Y1,桃子-水蜜桃,241,三重區,42350,667,X
2026-05-22,Y19,桃子-水蜜桃進口,241,三重區,2025800,4890,X
2026-05-22,Y3,桃子-甜桃,241,三重區,476290,8430,X
2026-05-22,Y39,桃子-甜桃進口,241,三重區,1600,5,X
2026-05-22,Y4,桃子-早桃,241,三重區,17560,878,X
2026-05-22,Y5,桃子-福壽桃,241,三重區,6600,132,X
2026-05-22,Y9,桃子-進口,241,三重區,2800,20,X
2026-05-22,Z9,柿子-進口,241,三重區,41600,104,X
2026-05-22,11,椰子,338,桃農,1116,76,X
2026-05-22,42,楊梅,338,桃農,1000,20,X
2026-05-22,50,百香果-其他,338,桃農,6810,108,X
2026-05-22,A1,香蕉,338,桃農,35400,1530,X
2026-05-22,A3,香蕉-旦蕉,338,桃農,2607,93,X
2026-05-22,B2,鳳梨-金鑽鳳梨,338,桃農,10315,368,7
2026-05-22,B2,鳳梨-金鑽鳳梨,338,桃農,28134,1473,X
2026-05-22,F5,雜柑-無子檸檬,338,桃農,73395,1196,X
2026-05-22,FA1,黃秋葵,338,桃農,4495,75,7
2026-05-22,FA1,黃秋葵,338,桃農,31935,753,X
2026-05-22,FB1,花椰菜-青梗,338,桃農,92387,3749,X
2026-05-22,FC1,胡瓜-黑刺,338,桃農,71540,4258,X
2026-05-22,FD0,花胡瓜-其他,338,桃農,4140,96,7
2026-05-22,FD0,花胡瓜-其他,338,桃農,18293,734,X
2026-05-22,FD1,花胡瓜,338,桃農,12595,356,7
2026-05-22,FD1,花胡瓜,338,桃農,184077,7904,X
2026-05-22,FE1,冬瓜-白皮,338,桃農,47366.8,5342,X
2026-05-22,FF0,絲瓜-其他,338,桃農,23115,1245,7
2026-05-22,FF0,絲瓜-其他,338,桃農,54065,2920,X
2026-05-22,FF1,絲瓜,338,桃農,4545,225,7
2026-05-22,FF1,絲瓜,338,桃農,264056,15264,X
2026-05-22,FF4,絲瓜-長絲瓜,338,桃農,39,13,X
2026-05-22,FG0,苦瓜-其他,338,桃農,5660,220,X
2026-05-22,FG1,苦瓜-白大米,338,桃農,200964,7583,X
2026-05-22,FG2,苦瓜-青大米,338,桃農,67991,2417,X
2026-05-22,FG3,苦瓜-山苦瓜,338,桃農,1740,27,X
2026-05-22,FG4,苦瓜-翠綠,338,桃農,8690,396,X
2026-05-22,FH1,扁蒲-長形,338,桃農,236,69,X
2026-05-22,FH3,扁蒲-花蒲,338,桃農,40213,4185,X
2026-05-22,FH4,扁蒲-梨子蒲,338,桃農,24446,2298,X
2026-05-22,FI0,茄子-其他,338,桃農,7001,504,X
2026-05-22,FI2,茄子-麻荸茄,338,桃農,78962,3503,X
2026-05-22,FI3,茄子-日本種,338,桃農,566,79,X
2026-05-22,FJ3,番茄-牛番茄,338,桃農,700100,13120,X
2026-05-22,FK3,甜椒-新香,338,桃農,2020,88,X
2026-05-22,FK4,甜椒-彩色種,338,桃農,17424,245,X
2026-05-22,FK41,甜椒-彩色種 紅色,338,桃農,19505,607,X
2026-05-22,FK42,甜椒-彩色種 黃色,338,桃農,11730,281,X
2026-05-22,FK5,甜椒-青椒,338,桃農,31815,930,X
2026-05-22,FK6,甜椒-水果彩椒,338,桃農,5900,50,6
2026-05-22,FK6,甜椒-水果彩椒,338,桃農,4648,100,X
2026-05-22,FL92,豌豆-進口 紅花,338,桃農,9600,60,X
2026-05-22,FL96,豌豆-進口 甜豌豆,338,桃農,8600,60,X
2026-05-22,FM1,菜豆-白色,338,桃農,10203,357,X
2026-05-22,FM2,菜豆-青色,338,桃農,104941,3683,X
2026-05-22,FM3,菜豆-紅色,338,桃農,6044,152,X
2026-05-22,FN1,敏豆-白豆,338,桃農,85671,1473,X
2026-05-22,FN3,敏豆-粉豆,338,桃農,810,45,X
2026-05-22,FN5,敏豆-醜豆,338,桃農,19106,422,X
2026-05-22,FQ2,毛豆-豆仁,338,桃農,25200,180,6
2026-05-22,FR9,青花苔-進口,338,桃農,206253,3276,X
2026-05-22,FT0,南瓜-其他,338,桃農,5600,200,X
2026-05-22,FT11,南瓜-木瓜型 阿成,338,桃農,62124,3399,X
2026-05-22,FT12,南瓜-木瓜型 阿嬌,338,桃農,480,40,X
2026-05-22,FT2,南瓜-圓形,338,桃農,24254,1061,X
2026-05-22,FT5,南瓜-青如意,338,桃農,73174,2613,X
2026-05-22,FT7,南瓜-栗子,338,桃農,1980,138,X
2026-05-22,FT72,南瓜-栗子 小黑,338,桃農,18196,616,X
2026-05-22,FT9,南瓜-進口,338,桃農,1800,60,X
2026-05-22,FT91,南瓜-進口 木瓜型,338,桃農,3600,300,X
2026-05-22,FT97,南瓜-進口 栗子,338,桃農,28955,925,X
2026-05-22,FU1,隼人瓜,338,桃農,9946,1294,X
2026-05-22,FU2,隼人瓜-瓜苗,338,桃農,17412,324,7
2026-05-22,FU2,隼人瓜-瓜苗,338,桃農,61014,1316,X
2026-05-22,FV0,辣椒-其他,338,桃農,168,14,X
2026-05-22,FV1,辣椒-紅小,338,桃農,4389,105,X
2026-05-22,FV4,辣椒-朝天椒,338,桃農,33978,975,X
2026-05-22,FV5,辣椒-青龍,338,桃農,150,5,X
2026-05-22,FV6,辣椒-糯米椒,338,桃農,16748,204,X
2026-05-22,FW1,金針花,338,桃農,8786,63,X
2026-05-22,FY0,玉米-其他,338,桃農,8848,296,X
2026-05-22,FY4,玉米-玉米筍,338,桃農,2760,276,X
2026-05-22,FY41,玉米-玉米筍 帶殼,338,桃農,9097,877,X
2026-05-22,FY5,玉米-糯米黑,338,桃農,29626,1935,X
2026-05-22,FY6,玉米-甜軟殼,338,桃農,106080,5232,X
2026-05-22,FY8,玉米-白龍王,338,桃農,22720,820,X
2026-05-22,FY94,玉米-進口 玉米筍,338,桃農,136920,6600,X
2026-05-22,FZ1,落花生-生,338,桃農,7846,103,X
2026-05-22,G9,波蘿蜜,338,桃農,2871,83,X
2026-05-22,I1,木瓜-網室紅肉,338,桃農,4600,158,X
2026-05-22,I4,木瓜-青木瓜,338,桃農,20689,951,X
2026-05-22,J1,荔枝-玉荷包,338,桃農,2000,20,X
2026-05-22,LA0,甘藍-其他,338,桃農,15000,2030,X
2026-05-22,LA1,甘藍-初秋,338,桃農,582086,29050,X
2026-05-22,LA2,甘藍-改良種,338,桃農,109160,5698,X
2026-05-22,LA7,甘藍-改良尖,338,桃農,374,88,X
2026-05-22,LA92,甘藍-進口 改良種,338,桃農,13140,900,X
2026-05-22,LB1,小白菜-土白菜,338,桃農,4430,526,X
2026-05-22,LB2,小白菜-蚵仔白,338,桃農,28131,2509,X
2026-05-22,LB3,小白菜-奶油白,338,桃農,5948,422,X
2026-05-22,LC0,包心白-其他,338,桃農,6060,475,X
2026-05-22,LC1,包心白-包白,338,桃農,41640,9160,X
2026-05-22,LC3,包心白-包頭蓮,338,桃農,12000,1200,X
2026-05-22,LC90,包心白菜-進口 其他,338,桃農,58113,4325,X
2026-05-22,LC93,包心白菜-進口 包頭蓮 ,338,桃農,90360,4612,X
2026-05-22,LD1,青江白菜-小梗,338,桃農,29342,2294,X
2026-05-22,LE1,皇宮菜-小葉,338,桃農,20822,687,X
2026-05-22,LF2,蕹菜-小葉,338,桃農,810,60,4
2026-05-22,LF2,蕹菜-小葉,338,桃農,60567,4505,X
2026-05-22,LF3,蕹菜-水蕹菜,338,桃農,39804,717,X
2026-05-22,LG2,芹菜-白梗,338,桃農,99325,1947,X
2026-05-22,LG3,芹菜-西洋芹菜,338,桃農,1026,108,X
2026-05-22,LG9,芹菜-進口,338,桃農,8100,180,X
2026-05-22,LH2,菠菜-角葉,338,桃農,46600,2460,X
2026-05-22,LI2,萵苣菜-結球萵,338,桃農,17956,1017,X
2026-05-22,LI3,萵苣菜-本島圓葉,338,桃農,15240,838,X
2026-05-22,LI4,萵苣菜-本島尖葉,338,桃農,640,80,X
2026-05-22,LI5,萵苣菜-油麥菜,338,桃農,108596,9536,X
2026-05-22,LI6,萵苣菜-蘿美,338,桃農,540,36,X
2026-05-22,LI8,萵苣菜-水耕,338,桃農,20205,420,X
2026-05-22,LI92,萵苣菜-進口 結球萵,338,桃農,20065,747,X
2026-05-22,LJ3,芥菜-大芥菜,338,桃農,10000,1000,X
2026-05-22,LJ4,芥菜-小芥菜,338,桃農,1880,350,X
2026-05-22,LK2,芥藍菜,338,桃農,2508,979,X
2026-05-22,LK3,芥藍菜-芥藍芽,338,桃農,35146,1770,X
2026-05-22,LM1,莧菜-紅莧菜,338,桃農,4875,300,X
2026-05-22,LM2,莧菜-白莧菜,338,桃農,23230,1510,X
2026-05-22,LN1,油菜,338,桃農,4720,720,X
2026-05-22,LO1,甘薯葉,338,桃農,52713,4135,X
2026-05-22,LP1,芫荽,338,桃農,64165,814,X
2026-05-22,LP2,九層塔,338,桃農,38460,776,X
2026-05-22,LQ1,紅鳳菜-紅鳳菜,338,桃農,19370,579,X
2026-05-22,LT2,海菜-海帶,338,桃農,90,18,X
2026-05-22,LT3,海菜-水蓮,338,桃農,17010,138,X
2026-05-22,LV1,巴西利,338,桃農,300,15,X
2026-05-22,LX1,蕨菜-過貓,338,桃農,10669,242,X
2026-05-22,LZ2,藤川七-川七葉,338,桃農,270,15,X
2026-05-22,MA2,洋菇-盒裝,338,桃農,6200,100,X
2026-05-22,MC1,濕木耳,338,桃農,5040,186,X
2026-05-22,MD1,濕香菇,338,桃農,8736,78,X
2026-05-22,ME1,金絲菇-金針菇,338,桃農,3750,500,X
2026-05-22,MJ1,杏鮑菇,338,桃農,31457,485,X
2026-05-22,MK1,鴻喜菇,338,桃農,9900,450,X
2026-05-22,MX1,其他菇類,338,桃農,19950,786,X
2026-05-22,N3,李-紅肉李,338,桃農,9146,331,X
2026-05-22,OX1,其他,338,桃農,5050,153,X
2026-05-22,P1,番石榴-珍珠芭,338,桃農,22875,712,X
2026-05-22,P2,番石榴-紅心,338,桃農,460,10,X
2026-05-22,P3,番石榴-帝王芭,338,桃農,1889,57,X
2026-05-22,R8,芒果-芒果青,338,桃農,1260,42,X
2026-05-22,S1,葡萄-巨峰,338,桃農,1680,24,X
2026-05-22,SA3,蘿蔔-矸仔,338,桃農,12775,2750,X
2026-05-22,SA7,蘿蔔-甜菜根,338,桃農,2550,50,X
2026-05-22,SA9,蘿蔔-進口,338,桃農,99972,7500,X
2026-05-22,SB1,胡蘿蔔-未洗,338,桃農,7639,499,X
2026-05-22,SB2,胡蘿蔔-清洗,338,桃農,43080,2600,7
2026-05-22,SB2,胡蘿蔔-清洗,338,桃農,43150,3770,X
2026-05-22,SC1,馬鈴薯-本產,338,桃農,55380,3546,X
2026-05-22,SC9,馬鈴薯-進口,338,桃農,480,80,X
2026-05-22,SD1,洋蔥-本產,338,桃農,41652,2220,X
2026-05-22,SD9,洋蔥-進口,338,桃農,20280,960,X
2026-05-22,SE6,青蔥-粉蔥,338,桃農,161065,3069,X
2026-05-22,SF1,韭菜-白頭,338,桃農,2393,77,X
2026-05-22,SF2,韭菜-韭菜黃,338,桃農,10800,90,X
2026-05-22,SF3,韭菜-韭菜花,338,桃農,18813,359,X
2026-05-22,SF4,韭菜-青頭,338,桃農,23812,940,X
2026-05-22,SG2,大蒜-軟梗,338,桃農,36280,720,X
2026-05-22,SG5,大蒜-蒜頭,338,桃農,11420,217,X
2026-05-22,SG7,大蒜-蒜瓣,338,桃農,17026,285,X
2026-05-22,SH2,竹筍-綠竹筍,338,桃農,4800,60,X
2026-05-22,SH5,竹筍-烏殼綠,338,桃農,68560,1780,7
2026-05-22,SH5,竹筍-烏殼綠,338,桃農,165880,4580,X
2026-05-22,SH7,竹筍-去殼,338,桃農,2200,100,7
2026-05-22,SJ2,芋-檳榔心芋,338,桃農,20748,498,X
2026-05-22,SJ3,芋-里芋,338,桃農,240,24,X
2026-05-22,SL1,豆薯,338,桃農,7440,330,X
2026-05-22,SO0,甘薯-其他,338,桃農,26670,1870,X
2026-05-22,SO1,甘薯-臺農57號,338,桃農,25520,2637,X
2026-05-22,SO2,甘薯-芋仔甘薯,338,桃農,5175,550,X
2026-05-22,SO3,甘薯-臺農66號,338,桃農,19182,1976,X
2026-05-22,SP1,薑-老薑,338,桃農,19170,180,X
2026-05-22,SP2,薑-嫩薑,338,桃農,56142,594,X
2026-05-22,SQ1,茭白筍-帶殼,338,桃農,98610,1470,X
2026-05-22,SQ3,茭白筍-去殼,338,桃農,56489,522,X
2026-05-22,SU2,薯蕷-白薯蕷,338,桃農,21275,445,X
2026-05-22,SU21,薯蕷-白薯蕷 人參,338,桃農,1890,42,X
2026-05-22,SU9,薯蕷-進口,338,桃農,16200,140,X
2026-05-22,SV1,蘆筍-白蘆筍,338,桃農,1125,5,X
2026-05-22,SV2,蘆筍-綠蘆筍,338,桃農,30559,260,X
2026-05-22,SV9,蘆筍-進口,338,桃農,1820,14,X
2026-05-22,SV92,蘆筍-進口 綠蘆筍,338,桃農,55881,411,X
2026-05-22,SW1,球莖甘藍,338,桃農,800,80,X
2026-05-22,SZ8,香茅,338,桃農,3117,118,X
2026-05-22,T2,西瓜-無子西瓜,338,桃農,946,99,X
2026-05-22,T4,西瓜-鳳光英妙,338,桃農,12441,2294,X
2026-05-22,T8,西瓜-甜美人,338,桃農,4026,463,X
2026-05-22,V1,甜瓜-美濃,338,桃農,8230,260,X
2026-05-22,Y3,桃子-甜桃,338,桃農,21002,410,X
2026-05-22,11,椰子,400,台中市,256532,15717,X
2026-05-22,469,藍莓-進口,400,台中市,627000,2508,X
2026-05-22,50,百香果-其他,400,台中市,1680,19,X
2026-05-22,51,百香果-改良種,400,台中市,252471,2487,X
2026-05-22,70,小番茄-其他,400,台中市,912,24,X
2026-05-22,72,小番茄-聖女,400,台中市,1122440,19357,X
2026-05-22,74,小番茄-玉女,400,台中市,140910,1146,X
2026-05-22,812,紅龍果-紅肉,400,台中市,91298,1405,X
2026-05-22,839,櫻桃-進口,400,台中市,164500,329,X
2026-05-22,859,榴槤-進口,400,台中市,3004500,24036,X
2026-05-22,869,山竹-進口,400,台中市,27500,55,X
2026-05-22,91,其他,400,台中市,749440,11138,X
2026-05-22,A0,香蕉-其他,400,台中市,475,27,X
2026-05-22,A1,香蕉,400,台中市,1024905,41520,X
2026-05-22,A2,香蕉-芭蕉紅芭蕉,400,台中市,144739,3375,X
2026-05-22,A3,香蕉-旦蕉,400,台中市,1314,56,X
2026-05-22,A4,香蕉-越旦,400,台中市,15420,511,X
2026-05-22,B2,鳳梨-金鑽鳳梨,400,台中市,15438,706,7
2026-05-22,B2,鳳梨-金鑽鳳梨,400,台中市,2396719,103770,X
2026-05-22,C2,茂谷柑,400,台中市,25200,600,X
2026-05-22,C9,柑橘-進口,400,台中市,126000,1008,X
2026-05-22,D1,桶柑,400,台中市,109600,1280,X
2026-05-22,E9,甜橙-進口,400,台中市,81648,864,X
2026-05-22,F0,雜柑-其他,400,台中市,320,16,X
2026-05-22,F1,雜柑-檸檬,400,台中市,116193,1790,X
2026-05-22,F4,雜柑-桔子,400,台中市,16320,260,X
2026-05-22,F5,雜柑-無子檸檬,400,台中市,27477,405,X
2026-05-22,F9,雜柑-進口,400,台中市,2500,20,X
2026-05-22,FA1,黃秋葵,400,台中市,1435,35,7
2026-05-22,FA1,黃秋葵,400,台中市,49744,1006,X
2026-05-22,FB1,花椰菜-青梗,400,台中市,40001,2202,X
2026-05-22,FC1,胡瓜-黑刺,400,台中市,2000,100,7
2026-05-22,FC1,胡瓜-黑刺,400,台中市,55960,3456,X
2026-05-22,FD0,花胡瓜-其他,400,台中市,2079,45,6
2026-05-22,FD0,花胡瓜-其他,400,台中市,3840,96,7
2026-05-22,FD0,花胡瓜-其他,400,台中市,35554,1290,X
2026-05-22,FD1,花胡瓜,400,台中市,7725,323,7
2026-05-22,FD1,花胡瓜,400,台中市,124292,5917,X
2026-05-22,FE1,冬瓜-白皮,400,台中市,26063,4226,X
2026-05-22,FF0,絲瓜-其他,400,台中市,27842,1250,X
2026-05-22,FF1,絲瓜,400,台中市,165141,7636,X
2026-05-22,FF2,絲瓜-角瓜,400,台中市,4938,171,X
2026-05-22,FG1,苦瓜-白大米,400,台中市,375,15,7
2026-05-22,FG1,苦瓜-白大米,400,台中市,121579,5870,X
2026-05-22,FG2,苦瓜-青大米,400,台中市,11848,475,X
2026-05-22,FG3,苦瓜-山苦瓜,400,台中市,4332,52,X
2026-05-22,FG4,苦瓜-翠綠,400,台中市,5532,180,X
2026-05-22,FH1,扁蒲-長形,400,台中市,1266,157,X
2026-05-22,FH3,扁蒲-花蒲,400,台中市,39704,3754,X
2026-05-22,FH4,扁蒲-梨子蒲,400,台中市,8840,500,X
2026-05-22,FI0,茄子-其他,400,台中市,3170,288,X
2026-05-22,FI2,茄子-麻荸茄,400,台中市,48545,3467,X
2026-05-22,FI3,茄子-日本種,400,台中市,1906,219,X
2026-05-22,FJ1,番茄-黑柿,400,台中市,456,12,X
2026-05-22,FJ3,番茄-牛番茄,400,台中市,26644,836,7
2026-05-22,FJ3,番茄-牛番茄,400,台中市,191337,3311,X
2026-05-22,FK4,甜椒-彩色種,400,台中市,3141,157,7
2026-05-22,FK40,甜椒-彩色種 其他,400,台中市,843,52,X
2026-05-22,FK41,甜椒-彩色種 紅色,400,台中市,748,11,7
2026-05-22,FK41,甜椒-彩色種 紅色,400,台中市,12156,640,X
2026-05-22,FK42,甜椒-彩色種 黃色,400,台中市,744,12,7
2026-05-22,FK42,甜椒-彩色種 黃色,400,台中市,9857,554,X
2026-05-22,FK5,甜椒-青椒,400,台中市,270,15,6
2026-05-22,FK5,甜椒-青椒,400,台中市,29309,1309,X
2026-05-22,FK6,甜椒-水果彩椒,400,台中市,10810,100,6
2026-05-22,FK6,甜椒-水果彩椒,400,台中市,4219,72,X
2026-05-22,FK94,甜椒-進口 彩色種,400,台中市,990,165,X
2026-05-22,FM1,菜豆-白色,400,台中市,1204,45,X
2026-05-22,FM2,菜豆-青色,400,台中市,93086,3328,X
2026-05-22,FN1,敏豆-白豆,400,台中市,94385,1695,X
2026-05-22,FN5,敏豆-醜豆,400,台中市,6052,184,X
2026-05-22,FP2,萊豆-豆仁,400,台中市,350,7,X
2026-05-22,FQ1,毛豆-豆莢,400,台中市,20380,380,6
2026-05-22,FQ1,毛豆-豆莢,400,台中市,2094,81,X
2026-05-22,FQ2,毛豆-豆仁,400,台中市,25750,200,6
2026-05-22,FQ2,毛豆-豆仁,400,台中市,7500,60,X
2026-05-22,FR1,青花苔,400,台中市,41715,1039,X
2026-05-22,FR9,青花苔-進口,400,台中市,141108,2097,X
2026-05-22,FT1,南瓜-木瓜形,400,台中市,4200,240,X
2026-05-22,FT11,南瓜-木瓜型 阿成,400,台中市,37101,2056,X
2026-05-22,FT12,南瓜-木瓜型 阿嬌,400,台中市,960,60,X
2026-05-22,FT2,南瓜-圓形,400,台中市,1070,79,X
2026-05-22,FT5,南瓜-青如意,400,台中市,102252,3890,X
2026-05-22,FT6,南瓜-東昇,400,台中市,2000,80,X
2026-05-22,FT7,南瓜-栗子,400,台中市,12180,480,X
2026-05-22,FT97,南瓜-進口 栗子,400,台中市,21375,755,X
2026-05-22,FU1,隼人瓜,400,台中市,7512,749,X
2026-05-22,FU2,隼人瓜-瓜苗,400,台中市,34108,741,X
2026-05-22,FV0,辣椒-其他,400,台中市,725,22,X
2026-05-22,FV1,辣椒-紅小,400,台中市,6602,133,X
2026-05-22,FV2,辣椒-青小,400,台中市,1400,40,X
2026-05-22,FV4,辣椒-朝天椒,400,台中市,22399,672,X
2026-05-22,FV6,辣椒-糯米椒,400,台中市,7157,80,X
2026-05-22,FV9,辣椒-進口,400,台中市,1908,54,X
2026-05-22,FV91,辣椒-進口 紅小,400,台中市,1750,175,X
2026-05-22,FW1,金針花,400,台中市,14540,93,X
2026-05-22,FY0,玉米-其他,400,台中市,12640,420,X
2026-05-22,FY4,玉米-玉米筍,400,台中市,3996,208,X
2026-05-22,FY41,玉米-玉米筍 帶殼,400,台中市,19337,1514,X
2026-05-22,FY5,玉米-糯米黑,400,台中市,9070,690,X
2026-05-22,FY6,玉米-甜軟殼,400,台中市,15648,1652,X
2026-05-22,FY8,玉米-白龍王,400,台中市,7560,500,X
2026-05-22,FZ1,落花生-生,400,台中市,2320,40,X
2026-05-22,G2,黃金果,400,台中市,588,6,X
2026-05-22,G3,酪梨,400,台中市,28268,265,X
2026-05-22,G39,酪梨-進口,400,台中市,6500,52,X
2026-05-22,G49,奇異果-進口,400,台中市,1439000,11512,X
2026-05-22,G7,橄欖,400,台中市,726,22,X
2026-05-22,G9,波蘿蜜,400,台中市,9146,492,X
2026-05-22,H4,葡萄柚-紅肉,400,台中市,2250,90,X
2026-05-22,H49,葡萄柚-紅肉進口,400,台中市,144000,1222,X
2026-05-22,I1,木瓜-網室紅肉,400,台中市,10572,228,7
2026-05-22,I1,木瓜-網室紅肉,400,台中市,627299,21877,X
2026-05-22,I3,木瓜-日昇種,400,台中市,16200,180,X
2026-05-22,I4,木瓜-青木瓜,400,台中市,23040,972,X
2026-05-22,J0,荔枝-其他,400,台中市,2800,40,X
2026-05-22,J1,荔枝-玉荷包,400,台中市,2035152,18452,X
2026-05-22,LA1,甘藍-初秋,400,台中市,217149,10740,X
2026-05-22,LA2,甘藍-改良種,400,台中市,94784,5204,X
2026-05-22,LA4,甘藍-紫色,400,台中市,1050,75,X
2026-05-22,LA6,甘藍-甘藍芽,400,台中市,400,16,X
2026-05-22,LA7,甘藍-改良尖,400,台中市,53188,3436,X
2026-05-22,LB1,小白菜-土白菜,400,台中市,2720,250,X
2026-05-22,LB2,小白菜-蚵仔白,400,台中市,23282,1670,X
2026-05-22,LB3,小白菜-奶油白,400,台中市,12685,921,X
2026-05-22,LC0,包心白-其他,400,台中市,42632,2092,X
2026-05-22,LC1,包心白-包白,400,台中市,51785,6051,X
2026-05-22,LC3,包心白-包頭蓮,400,台中市,25780,2260,X
2026-05-22,LC90,包心白菜-進口 其他,400,台中市,2550,150,X
2026-05-22,LC93,包心白菜-進口 包頭蓮 ,400,台中市,30759,1392,X
2026-05-22,LD1,青江白菜-小梗,400,台中市,27749,2674,X
2026-05-22,LE1,皇宮菜-小葉,400,台中市,5099,227,X
2026-05-22,LE2,皇宮菜-大葉,400,台中市,5252,171,X
2026-05-22,LF2,蕹菜-小葉,400,台中市,25212,1845,X
2026-05-22,LF3,蕹菜-水蕹菜,400,台中市,33372,1056,X
2026-05-22,LG2,芹菜-白梗,400,台中市,38596,660,X
2026-05-22,LG3,芹菜-西洋芹菜,400,台中市,9708,537,X
2026-05-22,LH2,菠菜-角葉,400,台中市,32780,1240,X
2026-05-22,LI0,萵苣菜-其他,400,台中市,215,5,X
2026-05-22,LI1,萵苣菜-廣東菜,400,台中市,330,26,X
2026-05-22,LI2,萵苣菜-結球萵,400,台中市,8535,453,X
2026-05-22,LI3,萵苣菜-本島圓葉,400,台中市,19424,728,X
2026-05-22,LI5,萵苣菜-油麥菜,400,台中市,34435,4015,X
2026-05-22,LI6,萵苣菜-蘿美,400,台中市,1908,72,X
2026-05-22,LI8,萵苣菜-水耕,400,台中市,9720,225,X
2026-05-22,LI92,萵苣菜-進口 結球萵,400,台中市,11800,340,X
2026-05-22,LJ3,芥菜-大芥菜,400,台中市,280,140,X
2026-05-22,LJ4,芥菜-小芥菜,400,台中市,2520,326,X
2026-05-22,LK2,芥藍菜,400,台中市,1540,120,X
2026-05-22,LK3,芥藍菜-芥藍芽,400,台中市,61708,2397,X
2026-05-22,LM1,莧菜-紅莧菜,400,台中市,27125,905,X
2026-05-22,LM2,莧菜-白莧菜,400,台中市,78016,3573,X
2026-05-22,LN1,油菜,400,台中市,13920,1500,X
2026-05-22,LO1,甘薯葉,400,台中市,33664,2166,X
2026-05-22,LP1,芫荽,400,台中市,42911,519,X
2026-05-22,LP2,九層塔,400,台中市,15368,466,X
2026-05-22,LQ1,紅鳳菜-紅鳳菜,400,台中市,7757,334,X
2026-05-22,LT3,海菜-水蓮,400,台中市,15612,168,7
2026-05-22,LT3,海菜-水蓮,400,台中市,30458,338,X
2026-05-22,LV1,巴西利,400,台中市,1541,47,X
2026-05-22,LX1,蕨菜-過貓,400,台中市,17309,303,X
2026-05-22,MA2,洋菇-盒裝,400,台中市,1250,85,X
2026-05-22,MC1,濕木耳,400,台中市,8220,126,X
2026-05-22,MD1,濕香菇,400,台中市,6932,94,X
2026-05-22,ME1,金絲菇-金針菇,400,台中市,3250,100,X
2026-05-22,MF1,蠔菇-鮑魚菇,400,台中市,650,10,X
2026-05-22,MI1,秀珍菇,400,台中市,1530,18,X
2026-05-22,MJ1,杏鮑菇,400,台中市,20940,399,X
2026-05-22,MX1,其他菇類,400,台中市,2190,33,X
2026-05-22,N0,李-其他,400,台中市,85785,1965,X
2026-05-22,N2,李-桃接李,400,台中市,91788,2098,X
2026-05-22,N3,李-紅肉李,400,台中市,1283804,14179,X
2026-05-22,O2,梨-秋水梨,400,台中市,446980,5054,X
2026-05-22,O5,梨-豐水梨,400,台中市,61000,420,X
2026-05-22,O9,梨-其他進口,400,台中市,29000,232,X
2026-05-22,O99,梨-西洋梨進口,400,台中市,16000,160,X
2026-05-22,OX1,其他,400,台中市,63728,2076,X
2026-05-22,P1,番石榴-珍珠芭,400,台中市,141695,3344,X
2026-05-22,P2,番石榴-紅心,400,台中市,4084,124,X
2026-05-22,P3,番石榴-帝王芭,400,台中市,12396,144,X
2026-05-22,P5,番石榴-水晶無子,400,台中市,1728,36,X
2026-05-22,Q1,蓮霧-紅蓮霧,400,台中市,29386,578,X
2026-05-22,R0,芒果-其他,400,台中市,124936,2611,X
2026-05-22,R1,芒果-愛文,400,台中市,1078448,21812,X
2026-05-22,R2,芒果-玉文,400,台中市,8348,272,X
2026-05-22,R3,芒果-本島,400,台中市,48240,1050,X
2026-05-22,R31,芒果-夏雪,400,台中市,3360,60,X
2026-05-22,R6,芒果-金煌,400,台中市,152161,3465,X
2026-05-22,R8,芒果-芒果青,400,台中市,20707,1097,X
2026-05-22,S1,葡萄-巨峰,400,台中市,595800,8330,X
2026-05-22,S9,葡萄-進口,400,台中市,326500,2612,X
2026-05-22,SA3,蘿蔔-矸仔,400,台中市,36105,4740,X
2026-05-22,SA4,蘿蔔-櫻桃,400,台中市,1753,25,X
2026-05-22,SA7,蘿蔔-甜菜根,400,台中市,6965,233,X
2026-05-22,SA9,蘿蔔-進口,400,台中市,42540,2640,X
2026-05-22,SB1,胡蘿蔔-未洗,400,台中市,11867,1138,X
2026-05-22,SB2,胡蘿蔔-清洗,400,台中市,37800,2200,7
2026-05-22,SB2,胡蘿蔔-清洗,400,台中市,40680,3860,X
2026-05-22,SC1,馬鈴薯-本產,400,台中市,44640,3144,X
2026-05-22,SC9,馬鈴薯-進口,400,台中市,17249,1050,X
2026-05-22,SD1,洋蔥-本產,400,台中市,34164,2850,X
2026-05-22,SD9,洋蔥-進口,400,台中市,15000,960,X
2026-05-22,SE3,青蔥-大蔥,400,台中市,1628,22,X
2026-05-22,SE5,青蔥-紅蔥頭,400,台中市,406,14,X
2026-05-22,SE6,青蔥-粉蔥,400,台中市,87043,2123,X
2026-05-22,SF3,韭菜-韭菜花,400,台中市,8730,132,X
2026-05-22,SF4,韭菜-青頭,400,台中市,9707,403,X
2026-05-22,SG2,大蒜-軟梗,400,台中市,15701,363,X
2026-05-22,SG4,大蒜-蔥蒜,400,台中市,1600,80,X
2026-05-22,SG5,大蒜-蒜頭,400,台中市,9456,172,X
2026-05-22,SG6,大蒜-蒜仁,400,台中市,4086,42,X
2026-05-22,SG7,大蒜-蒜瓣,400,台中市,17736,349,X
2026-05-22,SH2,竹筍-綠竹筍,400,台中市,3800,38,X
2026-05-22,SH5,竹筍-烏殼綠,400,台中市,14640,460,7
2026-05-22,SH5,竹筍-烏殼綠,400,台中市,23780,660,X
2026-05-22,SJ2,芋-檳榔心芋,400,台中市,29172,779,X
2026-05-22,SJ3,芋-里芋,400,台中市,2100,30,X
2026-05-22,SJ5,芋-芋角,400,台中市,1088,16,X
2026-05-22,SL1,豆薯,400,台中市,3180,120,X
2026-05-22,SN1,蓮藕,400,台中市,1340,55,X
2026-05-22,SO0,甘薯-其他,400,台中市,11037,1089,X
2026-05-22,SO1,甘薯-臺農57號,400,台中市,37224,2960,X
2026-05-22,SO2,甘薯-芋仔甘薯,400,台中市,9533,824,X
2026-05-22,SO3,甘薯-臺農66號,400,台中市,17650,1450,X
2026-05-22,SP0,薑-其他,400,台中市,600,24,X
2026-05-22,SP1,薑-老薑,400,台中市,24180,280,X
2026-05-22,SP2,薑-嫩薑,400,台中市,12993,158,X
2026-05-22,SP3,薑-粉薑,400,台中市,2520,36,X
2026-05-22,SQ1,茭白筍-帶殼,400,台中市,85506,1272,X
2026-05-22,SQ3,茭白筍-去殼,400,台中市,27343,262,X
2026-05-22,SU2,薯蕷-白薯蕷,400,台中市,792,48,X
2026-05-22,SU21,薯蕷-白薯蕷 人參,400,台中市,31589,892,X
2026-05-22,SV1,蘆筍-白蘆筍,400,台中市,350,5,X
2026-05-22,SV2,蘆筍-綠蘆筍,400,台中市,98409,846,X
2026-05-22,SV3,蘆筍-蘆筍花,400,台中市,24165,138,X
2026-05-22,SW1,球莖甘藍,400,台中市,760,100,X
2026-05-22,SX1,芽菜類-綠豆芽,400,台中市,7200,360,X
2026-05-22,SZ8,香茅,400,台中市,4575,125,X
2026-05-22,T0,西瓜-其他,400,台中市,7861,289,X
2026-05-22,T1,西瓜-大西瓜,400,台中市,486,105,X
2026-05-22,T2,西瓜-無子西瓜,400,台中市,4175,255,X
2026-05-22,T4,西瓜-鳳光英妙,400,台中市,24587,2408,X
2026-05-22,T5,西瓜-黃肉,400,台中市,78220,7733,X
2026-05-22,T6,西瓜-紅肉,400,台中市,3360,210,X
2026-05-22,T8,西瓜-甜美人,400,台中市,146417,9412,X
2026-05-22,V1,甜瓜-美濃,400,台中市,488869,14321,X
2026-05-22,V2,甜瓜-溫室吊瓜,400,台中市,84600,600,X
2026-05-22,W1,洋香瓜-網狀紅肉,400,台中市,293750,8102,X
2026-05-22,W2,洋香瓜-網狀綠肉,400,台中市,5406,418,X
2026-05-22,W4,洋香瓜-新疆,400,台中市,25396,609,X
2026-05-22,W8,洋香瓜-阿露斯,400,台中市,24100,300,X
2026-05-22,X69,蘋果-富士進口,400,台中市,1778500,13916,X
2026-05-22,Y1,桃子-水蜜桃,400,台中市,162790,812,X
2026-05-22,Y2,桃子-鶯歌桃,400,台中市,62685,1611,X
2026-05-22,Y3,桃子-甜桃,400,台中市,1054467,9332,X
2026-05-22,Y4,桃子-早桃,400,台中市,64200,1080,X
2026-05-22,Y9,桃子-進口,400,台中市,347500,1390,X
2026-05-22,Z9,柿子-進口,400,台中市,27500,110,X
2026-05-22,11,椰子,800,高雄市,23910,2070,X
2026-05-22,469,藍莓-進口,800,高雄市,32000,60,X
2026-05-22,51,百香果-改良種,800,高雄市,3360,48,X
2026-05-22,72,小番茄-聖女,800,高雄市,63367.2,1318,X
2026-05-22,74,小番茄-玉女,800,高雄市,7410,54,X
2026-05-22,812,紅龍果-紅肉,800,高雄市,1400,20,X
2026-05-22,839,櫻桃-進口,800,高雄市,110000,220,X
2026-05-22,859,榴槤-進口,800,高雄市,313976,1720,X
2026-05-22,869,山竹-進口,800,高雄市,6999.6,12,X
2026-05-22,91,其他,800,高雄市,49490,1761,X
2026-05-22,A1,香蕉,800,高雄市,29700,1400,X
2026-05-22,B2,鳳梨-金鑽鳳梨,800,高雄市,205002,9426,X
2026-05-22,F1,雜柑-檸檬,800,高雄市,51300,900,X
2026-05-22,F4,雜柑-桔子,800,高雄市,26750,500,X
2026-05-22,FA1,黃秋葵,800,高雄市,32841,927,X
2026-05-22,FB1,花椰菜-青梗,800,高雄市,99040,2411,X
2026-05-22,FC1,胡瓜-黑刺,800,高雄市,104267,4872,X
2026-05-22,FD0,花胡瓜-其他,800,高雄市,8726,198,X
2026-05-22,FD1,花胡瓜,800,高雄市,134926,5115,X
2026-05-22,FE1,冬瓜-白皮,800,高雄市,38993,3168,X
2026-05-22,FF0,絲瓜-其他,800,高雄市,9480,739,X
2026-05-22,FF1,絲瓜,800,高雄市,120330,6570,7
2026-05-22,FF1,絲瓜,800,高雄市,100712,3366,X
2026-05-22,FF2,絲瓜-角瓜,800,高雄市,12805,363,X
2026-05-22,FG1,苦瓜-白大米,800,高雄市,87242,2767,X
2026-05-22,FG4,苦瓜-翠綠,800,高雄市,31258,1030,X
2026-05-22,FH3,扁蒲-花蒲,800,高雄市,31550,2590,X
2026-05-22,FH4,扁蒲-梨子蒲,800,高雄市,8540,616,X
2026-05-22,FI0,茄子-其他,800,高雄市,312,12,X
2026-05-22,FI1,茄子-胭脂茄,800,高雄市,15740,830,X
2026-05-22,FI2,茄子-麻荸茄,800,高雄市,39096,2030,X
2026-05-22,FI3,茄子-日本種,800,高雄市,1301,109,X
2026-05-22,FJ1,番茄-黑柿,800,高雄市,77390,1000,X
2026-05-22,FJ3,番茄-牛番茄,800,高雄市,318398,5011,X
2026-05-22,FK3,甜椒-新香,800,高雄市,10480,224,X
2026-05-22,FK4,甜椒-彩色種,800,高雄市,981,62,7
2026-05-22,FK4,甜椒-彩色種,800,高雄市,1050,80,X
2026-05-22,FK41,甜椒-彩色種 紅色,800,高雄市,2879,172,7
2026-05-22,FK41,甜椒-彩色種 紅色,800,高雄市,74416,928,X
2026-05-22,FK42,甜椒-彩色種 黃色,800,高雄市,1040,102,7
2026-05-22,FK42,甜椒-彩色種 黃色,800,高雄市,59100,750,X
2026-05-22,FK5,甜椒-青椒,800,高雄市,144553,2832,X
2026-05-22,FK6,甜椒-水果彩椒,800,高雄市,480,24,7
2026-05-22,FK6,甜椒-水果彩椒,800,高雄市,9000,150,X
2026-05-22,FK94,甜椒-進口 彩色種,800,高雄市,355,150,X
2026-05-22,FL96,豌豆-進口 甜豌豆,800,高雄市,1472,16,X
2026-05-22,FM2,菜豆-青色,800,高雄市,31510,953,X
2026-05-22,FN1,敏豆-白豆,800,高雄市,114311,1318,X
2026-05-22,FN2,敏豆-青豆,800,高雄市,7840,112,X
2026-05-22,FN3,敏豆-粉豆,800,高雄市,570,19,X
2026-05-22,FN5,敏豆-醜豆,800,高雄市,32520,723,X
2026-05-22,FP1,萊豆-豆莢,800,高雄市,43460,564,X
2026-05-22,FQ1,毛豆-豆莢,800,高雄市,360,12,X
2026-05-22,FR1,青花苔,800,高雄市,6125,185,X
2026-05-22,FR9,青花苔-進口,800,高雄市,167517.6,2931,X
2026-05-22,FT11,南瓜-木瓜型 阿成,800,高雄市,125159,5413,X
2026-05-22,FT12,南瓜-木瓜型 阿嬌,800,高雄市,900,60,X
2026-05-22,FT2,南瓜-圓形,800,高雄市,14800,480,X
2026-05-22,FT5,南瓜-青如意,800,高雄市,181560,5831,X
2026-05-22,FT7,南瓜-栗子,800,高雄市,40380,1369,X
2026-05-22,FT72,南瓜-栗子 小黑,800,高雄市,15360,690,X
2026-05-22,FU1,隼人瓜,800,高雄市,12180,1389,X
2026-05-22,FU2,隼人瓜-瓜苗,800,高雄市,11900,180,X
2026-05-22,FV1,辣椒-紅小,800,高雄市,45348,671,X
2026-05-22,FV4,辣椒-朝天椒,800,高雄市,55434,1360,X
2026-05-22,FV6,辣椒-糯米椒,800,高雄市,50505,501,X
2026-05-22,FV91,辣椒-進口 紅小,800,高雄市,140,14,X
2026-05-22,FX1,花豆,800,高雄市,640,8,X
2026-05-22,FY4,玉米-玉米筍,800,高雄市,4154,150,X
2026-05-22,FY41,玉米-玉米筍 帶殼,800,高雄市,57153,3547,X
2026-05-22,FY5,玉米-糯米黑,800,高雄市,44070,1708,X
2026-05-22,FY6,玉米-甜軟殼,800,高雄市,68427,3382,X
2026-05-22,FY8,玉米-白龍王,800,高雄市,12770,350,X
2026-05-22,FZ2,落花生-熟,800,高雄市,14000,200,X
2026-05-22,G3,酪梨,800,高雄市,21165,249,X
2026-05-22,G49,奇異果-進口,800,高雄市,183001,1070,X
2026-05-22,I1,木瓜-網室紅肉,800,高雄市,161540,5838,X
2026-05-22,I4,木瓜-青木瓜,800,高雄市,8400,312,X
2026-05-22,J1,荔枝-玉荷包,800,高雄市,186810,1560,X
2026-05-22,LA1,甘藍-初秋,800,高雄市,737960,34130,X
2026-05-22,LA4,甘藍-紫色,800,高雄市,2625,150,X
2026-05-22,LA7,甘藍-改良尖,800,高雄市,111442,5814,X
2026-05-22,LA9,甘藍-進口,800,高雄市,46836,3240,X
2026-05-22,LB0,小白菜-其他,800,高雄市,1330,215,X
2026-05-22,LB1,小白菜-土白菜,800,高雄市,64000,2442,X
2026-05-22,LB2,小白菜-蚵仔白,800,高雄市,73116,3782,X
2026-05-22,LB3,小白菜-奶油白,800,高雄市,21288,1269,X
2026-05-22,LC0,包心白-其他,800,高雄市,10845,708,X
2026-05-22,LC1,包心白-包白,800,高雄市,185716,9839,X
2026-05-22,LC3,包心白-包頭蓮,800,高雄市,800,80,X
2026-05-22,LC90,包心白菜-進口 其他,800,高雄市,31239,2829,X
2026-05-22,LC93,包心白菜-進口 包頭蓮 ,800,高雄市,266022,9958,X
2026-05-22,LD1,青江白菜-小梗,800,高雄市,111204,5639,X
2026-05-22,LE1,皇宮菜-小葉,800,高雄市,13620,192,X
2026-05-22,LF2,蕹菜-小葉,800,高雄市,109284,3539,X
2026-05-22,LG2,芹菜-白梗,800,高雄市,105328,2250,X
2026-05-22,LG3,芹菜-西洋芹菜,800,高雄市,648,54,7
2026-05-22,LG3,芹菜-西洋芹菜,800,高雄市,27990,1001,X
2026-05-22,LH1,菠菜-圓葉,800,高雄市,1050,175,X
2026-05-22,LH2,菠菜-角葉,800,高雄市,141850,3285,X
2026-05-22,LI1,萵苣菜-廣東菜,800,高雄市,300,10,X
2026-05-22,LI2,萵苣菜-結球萵,800,高雄市,13256,518,X
2026-05-22,LI3,萵苣菜-本島圓葉,800,高雄市,36160,1108,X
2026-05-22,LI5,萵苣菜-油麥菜,800,高雄市,139800,7780,X
2026-05-22,LI6,萵苣菜-蘿美,800,高雄市,17620,350,X
2026-05-22,LI92,萵苣菜-進口 結球萵,800,高雄市,2520,900,X
2026-05-22,LI96,萵苣菜-進口 蘿美,800,高雄市,3350,223,X
2026-05-22,LJ1,芥菜-芥菜仁,800,高雄市,1420,100,X
2026-05-22,LJ3,芥菜-大芥菜,800,高雄市,500,200,X
2026-05-22,LJ4,芥菜-小芥菜,800,高雄市,15680,910,X
2026-05-22,LK2,芥藍菜,800,高雄市,51991,2147,X
2026-05-22,LK3,芥藍菜-芥藍芽,800,高雄市,65230,1522,X
2026-05-22,LM2,莧菜-白莧菜,800,高雄市,24575,615,X
2026-05-22,LN1,油菜,800,高雄市,35560,2340,X
2026-05-22,LO1,甘薯葉,800,高雄市,119501,4432,X
2026-05-22,LP1,芫荽,800,高雄市,14784,440,X
2026-05-22,LP2,九層塔,800,高雄市,52620,1131,X
2026-05-22,LQ1,紅鳳菜-紅鳳菜,800,高雄市,418,11,X
2026-05-22,LT2,海菜-海帶,800,高雄市,16285,307,X
2026-05-22,LV1,巴西利,800,高雄市,1280,64,X
2026-05-22,MA1,洋菇,800,高雄市,12000,80,X
2026-05-22,MC1,濕木耳,800,高雄市,17020,162,X
2026-05-22,MD1,濕香菇,800,高雄市,36380,328,X
2026-05-22,ME1,金絲菇-金針菇,800,高雄市,36200,850,X
2026-05-22,MI1,秀珍菇,800,高雄市,6300,70,X
2026-05-22,MJ1,杏鮑菇,800,高雄市,63030,696,X
2026-05-22,MK1,鴻喜菇,800,高雄市,13000,130,X
2026-05-22,ML1,珊瑚菇,800,高雄市,9000,90,X
2026-05-22,N3,李-紅肉李,800,高雄市,67590,1026,X
2026-05-22,OA1,鹹菜-清心,800,高雄市,28000,700,X
2026-05-22,OA2,鹹菜-帶葉,800,高雄市,35930,1181,X
2026-05-22,OB1,雪里紅,800,高雄市,17200,500,X
2026-05-22,OD1,蘿蔔乾,800,高雄市,37670,716,X
2026-05-22,OE1,醃瓜-乾,800,高雄市,5700,95,X
2026-05-22,OE2,醃瓜-漬,800,高雄市,3360,56,X
2026-05-22,OH1,桶筍-麻竹筍,800,高雄市,24400,305,X
2026-05-22,OH2,桶筍-綠竹筍,800,高雄市,16200,180,X
2026-05-22,OH3,桶筍-桂竹筍,800,高雄市,18160,227,X
2026-05-22,OH4,桶筍-箭竹筍,800,高雄市,16800,112,X
2026-05-22,OI1,筍乾,800,高雄市,12390,177,X
2026-05-22,OI2,筍絲,800,高雄市,6100,122,X
2026-05-22,OI3,筍片,800,高雄市,3750,50,X
2026-05-22,OI4,筍茸,800,高雄市,8160,136,X
2026-05-22,OX1,其他,800,高雄市,349100,9489,X
2026-05-22,P1,番石榴-珍珠芭,800,高雄市,90920,1648,X
2026-05-22,Q1,蓮霧-紅蓮霧,800,高雄市,27000,576,X
2026-05-22,R1,芒果-愛文,800,高雄市,217980,3342,X
2026-05-22,R2,芒果-玉文,800,高雄市,30920,694,X
2026-05-22,R3,芒果-本島,800,高雄市,64950,1641,X
2026-05-22,R31,芒果-夏雪,800,高雄市,450,6,X
2026-05-22,R5,芒果-黑香金興,800,高雄市,6000,120,X
2026-05-22,R6,芒果-金煌,800,高雄市,40230,954,X
2026-05-22,S1,葡萄-巨峰,800,高雄市,94500,750,X
2026-05-22,SA3,蘿蔔-矸仔,800,高雄市,88735,9506,X
2026-05-22,SA4,蘿蔔-櫻桃,800,高雄市,3650,20,X
2026-05-22,SA7,蘿蔔-甜菜根,800,高雄市,8000,200,X
2026-05-22,SA9,蘿蔔-進口,800,高雄市,75488,4524,X
2026-05-22,SB1,胡蘿蔔-未洗,800,高雄市,7320,552,X
2026-05-22,SB2,胡蘿蔔-清洗,800,高雄市,16900,1000,7
2026-05-22,SB2,胡蘿蔔-清洗,800,高雄市,125150,9984,X
2026-05-22,SC1,馬鈴薯-本產,800,高雄市,90048,4063,X
2026-05-22,SC9,馬鈴薯-進口,800,高雄市,24300,854,X
2026-05-22,SD1,洋蔥-本產,800,高雄市,80878,4280,X
2026-05-22,SD9,洋蔥-進口,800,高雄市,69924,2695,X
2026-05-22,SE3,青蔥-大蔥,800,高雄市,1100,22,X
2026-05-22,SE5,青蔥-紅蔥頭,800,高雄市,17690,251,X
2026-05-22,SE6,青蔥-粉蔥,800,高雄市,144358,2517,X
2026-05-22,SF1,韭菜-白頭,800,高雄市,32150,417,X
2026-05-22,SF2,韭菜-韭菜黃,800,高雄市,16000,128,X
2026-05-22,SF3,韭菜-韭菜花,800,高雄市,15825,207,X
2026-05-22,SG2,大蒜-軟梗,800,高雄市,92980,1558,X
2026-05-22,SG4,大蒜-蔥蒜,800,高雄市,600,60,X
2026-05-22,SG5,大蒜-蒜頭,800,高雄市,50955,610,X
2026-05-22,SG6,大蒜-蒜仁,800,高雄市,36800,490,X
2026-05-22,SG7,大蒜-蒜瓣,800,高雄市,2050,40,X
2026-05-22,SH5,竹筍-烏殼綠,800,高雄市,37160,980,7
2026-05-22,SH5,竹筍-烏殼綠,800,高雄市,93750,1718,X
2026-05-22,SJ2,芋-檳榔心芋,800,高雄市,53510,924,X
2026-05-22,SL1,豆薯,800,高雄市,33010,1505,X
2026-05-22,SM1,牛蒡,800,高雄市,2900,100,X
2026-05-22,SN1,蓮藕,800,高雄市,43740,810,X
2026-05-22,SO0,甘薯-其他,800,高雄市,1300,125,X
2026-05-22,SO1,甘薯-臺農57號,800,高雄市,55295,3156,X
2026-05-22,SO2,甘薯-芋仔甘薯,800,高雄市,5575,575,X
2026-05-22,SO3,甘薯-臺農66號,800,高雄市,56650,3094,X
2026-05-22,SP1,薑-老薑,800,高雄市,39100,352,X
2026-05-22,SP2,薑-嫩薑,800,高雄市,14960,133,X
2026-05-22,SP3,薑-粉薑,800,高雄市,23000,238,X
2026-05-22,SQ1,茭白筍-帶殼,800,高雄市,90830,1318,X
2026-05-22,SQ3,茭白筍-去殼,800,高雄市,71646,564,X
2026-05-22,SU2,薯蕷-白薯蕷,800,高雄市,20100,201,X
2026-05-22,SU21,薯蕷-白薯蕷 人參,800,高雄市,10870,390,X
2026-05-22,SU9,薯蕷-進口,800,高雄市,14300,110,X
2026-05-22,SV1,蘆筍-白蘆筍,800,高雄市,600,4,X
2026-05-22,SV2,蘆筍-綠蘆筍,800,高雄市,56020,372,X
2026-05-22,SV3,蘆筍-蘆筍花,800,高雄市,1120,14,X
2026-05-22,SV92,蘆筍-進口 綠蘆筍,800,高雄市,32360,144,X
2026-05-22,SW1,球莖甘藍,800,高雄市,1460,200,X
2026-05-22,SX1,芽菜類-綠豆芽,800,高雄市,144780,4826,X
2026-05-22,SX2,芽菜類-黃豆芽,800,高雄市,19920,664,X
2026-05-22,SX3,芽菜類-豌豆芽,800,高雄市,16960,212,X
2026-05-22,SX4,芽菜類-苜蓿芽,800,高雄市,5600,70,X
2026-05-22,SZ8,香茅,800,高雄市,760,32,X
2026-05-22,T1,西瓜-大西瓜,800,高雄市,228250,11080,X
2026-05-22,T2,西瓜-無子西瓜,800,高雄市,1440,120,X
2026-05-22,T5,西瓜-黃肉,800,高雄市,21700,1600,X
2026-05-22,T7,西瓜-秀鈴,800,高雄市,1020,119,X
2026-05-22,V1,甜瓜-美濃,800,高雄市,4507.5,345,X
2026-05-22,W1,洋香瓜-網狀紅肉,800,高雄市,8760,252,X
2026-05-22,X69,蘋果-富士進口,800,高雄市,559500,7060,X
2026-05-22,Y1,桃子-水蜜桃,800,高雄市,31748.5,280,X
2026-05-22,Y3,桃子-甜桃,800,高雄市,46800,504,X
2026-05-22,Y5,桃子-福壽桃,800,高雄市,60000,834,X
2026-05-22,Y9,桃子-進口,800,高雄市,492000,1279,X
2026-05-22,FA1,黃秋葵,900,屏東市,45125,2515,X
2026-05-22,FB1,花椰菜-青梗,900,屏東市,141661,4885,X
2026-05-22,FB2,花椰菜-白梗,900,屏東市,500000,25000,X
2026-05-22,FC1,胡瓜-黑刺,900,屏東市,118138,5899,X
2026-05-22,FD1,花胡瓜,900,屏東市,75049,3864,X
2026-05-22,FE1,冬瓜-白皮,900,屏東市,45964,6771,X
2026-05-22,FF0,絲瓜-其他,900,屏東市,1020,96,X
2026-05-22,FF1,絲瓜,900,屏東市,137736,8869,X
2026-05-22,FG1,苦瓜-白大米,900,屏東市,109515,5969,X
2026-05-22,FG2,苦瓜-青大米,900,屏東市,3293,118,X
2026-05-22,FG3,苦瓜-山苦瓜,900,屏東市,7855,444,X
2026-05-22,FG4,苦瓜-翠綠,900,屏東市,8027,394,X
2026-05-22,FH1,扁蒲-長形,900,屏東市,270,54,X
2026-05-22,FH3,扁蒲-花蒲,900,屏東市,3507,717,X
2026-05-22,FH4,扁蒲-梨子蒲,900,屏東市,1200,200,X
2026-05-22,FI0,茄子-其他,900,屏東市,600,120,X
2026-05-22,FI2,茄子-麻荸茄,900,屏東市,47367,3309,X
2026-05-22,FI3,茄子-日本種,900,屏東市,600,40,X
2026-05-22,FJ3,番茄-牛番茄,900,屏東市,184330.8,3189,X
2026-05-22,FK3,甜椒-新香,900,屏東市,1528,45,X
2026-05-22,FK4,甜椒-彩色種,900,屏東市,1964,64,X
2026-05-22,FK41,甜椒-彩色種 紅色,900,屏東市,15202,542,X
2026-05-22,FK42,甜椒-彩色種 黃色,900,屏東市,15405,626,X
2026-05-22,FK5,甜椒-青椒,900,屏東市,75727,2138,X
2026-05-22,FK6,甜椒-水果彩椒,900,屏東市,1080,108,X
2026-05-22,FL1,豌豆-白花,900,屏東市,29660,1483,X
2026-05-22,FL6,豌豆-甜豌豆,900,屏東市,2640,24,X
2026-05-22,FM2,菜豆-青色,900,屏東市,19766,912,X
2026-05-22,FN1,敏豆-白豆,900,屏東市,35952,646,X
2026-05-22,FN5,敏豆-醜豆,900,屏東市,16345,292,X
2026-05-22,FR1,青花苔,900,屏東市,1696.5,135,X
2026-05-22,FR9,青花苔-進口,900,屏東市,38467.7,803,X
2026-05-22,FT1,南瓜-木瓜形,900,屏東市,14344,852,X
2026-05-22,FT11,南瓜-木瓜型 阿成,900,屏東市,26789,1641,X
2026-05-22,FT5,南瓜-青如意,900,屏東市,78820,3326,X
2026-05-22,FT7,南瓜-栗子,900,屏東市,5718,268,X
2026-05-22,FT97,南瓜-進口 栗子,900,屏東市,2700,90,X
2026-05-22,FU1,隼人瓜,900,屏東市,10060,860,X
2026-05-22,FV1,辣椒-紅小,900,屏東市,3949,189,X
2026-05-22,FV2,辣椒-青小,900,屏東市,168,14,X
2026-05-22,FV4,辣椒-朝天椒,900,屏東市,9040,308,X
2026-05-22,FV5,辣椒-青龍,900,屏東市,5105,100,X
2026-05-22,FV6,辣椒-糯米椒,900,屏東市,5175,60,X
2026-05-22,FX2,虎豆-福豆,900,屏東市,540,12,X
2026-05-22,FY4,玉米-玉米筍,900,屏東市,5237,135,X
2026-05-22,FY41,玉米-玉米筍 帶殼,900,屏東市,21342,1805,X
2026-05-22,FY6,玉米-甜軟殼,900,屏東市,12160,700,X
2026-05-22,FY8,玉米-白龍王,900,屏東市,800,60,X
2026-05-22,LA1,甘藍-初秋,900,屏東市,349933.8,19397,X
2026-05-22,LA6,甘藍-甘藍芽,900,屏東市,1999.2,34,X
2026-05-22,LA7,甘藍-改良尖,900,屏東市,47774,2630,X
2026-05-22,LA9,甘藍-進口,900,屏東市,20790,1800,X
2026-05-22,LB1,小白菜-土白菜,900,屏東市,8887.3,929,X
2026-05-22,LB2,小白菜-蚵仔白,900,屏東市,11238.2,1426,X
2026-05-22,LB3,小白菜-奶油白,900,屏東市,5798.2,486,X
2026-05-22,LC0,包心白-其他,900,屏東市,1420,110,X
2026-05-22,LC1,包心白-包白,900,屏東市,77153,8448,X
2026-05-22,LC3,包心白-包頭蓮,900,屏東市,3300,150,X
2026-05-22,LC6,包心白-冬白芽,900,屏東市,3248,70,X
2026-05-22,LC9,包心白-進口,900,屏東市,3628.5,525,X
2026-05-22,LD1,青江白菜-小梗,900,屏東市,13591.4,2434,X
2026-05-22,LE1,皇宮菜-小葉,900,屏東市,5499.1,325,X
2026-05-22,LF1,蕹菜-大葉,900,屏東市,17632,1098,X
2026-05-22,LF2,蕹菜-小葉,900,屏東市,11700,1155,X
2026-05-22,LG1,芹菜-青梗,900,屏東市,9996,833,X
2026-05-22,LG2,芹菜-白梗,900,屏東市,68175.2,1860,X
2026-05-22,LG3,芹菜-西洋芹菜,900,屏東市,3828.6,144,X
2026-05-22,LG9,芹菜-進口,900,屏東市,450,20,X
2026-05-22,LH1,菠菜-圓葉,900,屏東市,21820,1515,X
2026-05-22,LH2,菠菜-角葉,900,屏東市,98670,2800,X
2026-05-22,LH3,菠菜-甜菠菜,900,屏東市,500,20,X
2026-05-22,LI2,萵苣菜-結球萵,900,屏東市,8194.6,638,X
2026-05-22,LI3,萵苣菜-本島圓葉,900,屏東市,10758.6,717,X
2026-05-22,LI4,萵苣菜-本島尖葉,900,屏東市,4520,200,X
2026-05-22,LI5,萵苣菜-油麥菜,900,屏東市,51268,5005,X
2026-05-22,LI6,萵苣菜-蘿美,900,屏東市,7455.3,369,X
2026-05-22,LI9,萵苣菜-進口,900,屏東市,1472,240,X
2026-05-22,LI90,萵苣菜-進口 其他,900,屏東市,1310.4,208,X
2026-05-22,LI92,萵苣菜-進口 結球萵,900,屏東市,1390.4,208,X
2026-05-22,LJ1,芥菜-芥菜仁,900,屏東市,2520,120,X
2026-05-22,LJ3,芥菜-大芥菜,900,屏東市,940,260,X
2026-05-22,LJ4,芥菜-小芥菜,900,屏東市,6080,466,X
2026-05-22,LK2,芥藍菜,900,屏東市,3180,800,X
2026-05-22,LK3,芥藍菜-芥藍芽,900,屏東市,8930.4,323,X
2026-05-22,LM2,莧菜-白莧菜,900,屏東市,5050,260,X
2026-05-22,LN1,油菜,900,屏東市,10971,1566,X
2026-05-22,LO1,甘薯葉,900,屏東市,3452.4,474,X
2026-05-22,LP1,芫荽,900,屏東市,11437.2,394,X
2026-05-22,LP2,九層塔,900,屏東市,4255,197,X
2026-05-22,LQ1,紅鳳菜-紅鳳菜,900,屏東市,329.6,29,X
2026-05-22,LT1,海菜-龍鬚菜,900,屏東市,17016.4,1508,X
2026-05-22,MD1,濕香菇,900,屏東市,7299.9,123,X
2026-05-22,MJ1,杏鮑菇,900,屏東市,9322.2,222,X
2026-05-22,MX1,其他菇類,900,屏東市,1160,20,X
2026-05-22,OA1,鹹菜-清心,900,屏東市,53312,6664,X
2026-05-22,OX1,其他,900,屏東市,1591006,133120,X
2026-05-22,SA1,蘿蔔-梅花,900,屏東市,4100,700,X
2026-05-22,SA3,蘿蔔-矸仔,900,屏東市,38962.9,8559,X
2026-05-22,SA7,蘿蔔-甜菜根,900,屏東市,3150,123,X
2026-05-22,SA9,蘿蔔-進口,900,屏東市,16380,1200,X
2026-05-22,SB1,胡蘿蔔-未洗,900,屏東市,968,114,X
2026-05-22,SB2,胡蘿蔔-清洗,900,屏東市,55630,3600,7
2026-05-22,SB2,胡蘿蔔-清洗,900,屏東市,9500,1100,X
2026-05-22,SC1,馬鈴薯-本產,900,屏東市,22676.6,1892,X
2026-05-22,SC9,馬鈴薯-進口,900,屏東市,9500,1200,X
2026-05-22,SD1,洋蔥-本產,900,屏東市,7928.8,370,X
2026-05-22,SD9,洋蔥-進口,900,屏東市,4492.8,396,X
2026-05-22,SE2,青蔥-北蔥,900,屏東市,16920,1280,X
2026-05-22,SE6,青蔥-粉蔥,900,屏東市,58161.2,2416,X
2026-05-22,SF1,韭菜-白頭,900,屏東市,25890,2623,X
2026-05-22,SF3,韭菜-韭菜花,900,屏東市,16987,276,X
2026-05-22,SG1,大蒜-硬梗,900,屏東市,30202,1531,X
2026-05-22,SG4,大蒜-蔥蒜,900,屏東市,1200,100,X
2026-05-22,SG5,大蒜-蒜頭,900,屏東市,540,12,X
2026-05-22,SH2,竹筍-綠竹筍,900,屏東市,249882,3801,X
2026-05-22,SH5,竹筍-烏殼綠,900,屏東市,77440,2120,X
2026-05-22,SJ2,芋-檳榔心芋,900,屏東市,5040,160,X
2026-05-22,SL1,豆薯,900,屏東市,4980,340,X
2026-05-22,SM1,牛蒡,900,屏東市,180,30,X
2026-05-22,SM9,牛蒡-進口,900,屏東市,2000,100,X
2026-05-22,SN1,蓮藕,900,屏東市,870,90,X
2026-05-22,SO0,甘薯-其他,900,屏東市,13375,1125,X
2026-05-22,SO1,甘薯-臺農57號,900,屏東市,22550,2000,X
2026-05-22,SO2,甘薯-芋仔甘薯,900,屏東市,4225,550,X
2026-05-22,SO3,甘薯-臺農66號,900,屏東市,10425,1200,X
2026-05-22,SP1,薑-老薑,900,屏東市,182465,16906,X
2026-05-22,SQ1,茭白筍-帶殼,900,屏東市,64811,1125,X
2026-05-22,SQ3,茭白筍-去殼,900,屏東市,2040,24,X
2026-05-22,SU2,薯蕷-白薯蕷,900,屏東市,15807,546,X
2026-05-22,SV2,蘆筍-綠蘆筍,900,屏東市,10848,105,X
2026-05-22,SW1,球莖甘藍,900,屏東市,1640,220,X
2026-05-22,SX1,芽菜類-綠豆芽,900,屏東市,3664,458,X
2026-05-21,rest,休市,104,台北二,0,0,休市
2026-05-21,rest,休市,109,台北一,0,0,休市
2026-05-21,rest,休市,220,板橋區,0,0,休市
2026-05-21,rest,休市,241,三重區,0,0,休市
2026-05-21,rest,休市,260,宜蘭市,0,0,休市
2026-05-21,rest,休市,338,桃農,0,0,休市
2026-05-21,rest,休市,400,台中市,0,0,休市
2026-05-21,469,藍莓-進口,800,高雄市,43500,90,X
2026-05-21,51,百香果-改良種,800,高雄市,95573.4,1356,X
2026-05-21,70,小番茄-其他,800,高雄市,30100,770,X
2026-05-21,72,小番茄-聖女,800,高雄市,118200,2344,X
2026-05-21,812,紅龍果-紅肉,800,高雄市,116600,1455,X
2026-05-21,839,櫻桃-進口,800,高雄市,50000,100,X
2026-05-21,859,榴槤-進口,800,高雄市,158992,940,X
2026-05-21,91,其他,800,高雄市,60960,1044,X
2026-05-21,A1,香蕉,800,高雄市,37500,1875,X
2026-05-21,A2,香蕉-芭蕉紅芭蕉,800,高雄市,12000,400,X
2026-05-21,B2,鳳梨-金鑽鳳梨,800,高雄市,162280,7400,X
2026-05-21,F1,雜柑-檸檬,800,高雄市,12400,260,X
2026-05-21,F4,雜柑-桔子,800,高雄市,9100,200,X
2026-05-21,FA1,黃秋葵,800,高雄市,26535,758,X
2026-05-21,FB1,花椰菜-青梗,800,高雄市,57080,1251,X
2026-05-21,FC1,胡瓜-黑刺,800,高雄市,84068,4288,X
2026-05-21,FD1,花胡瓜,800,高雄市,117589,4519,X
2026-05-21,FE1,冬瓜-白皮,800,高雄市,20205,1388,X
2026-05-21,FF0,絲瓜-其他,800,高雄市,1836,108,X
2026-05-21,FF1,絲瓜,800,高雄市,62418,1504,X
2026-05-21,FF2,絲瓜-角瓜,800,高雄市,4700,94,X
2026-05-21,FG1,苦瓜-白大米,800,高雄市,74306,2161,X
2026-05-21,FG2,苦瓜-青大米,800,高雄市,6624,438,X
2026-05-21,FG4,苦瓜-翠綠,800,高雄市,31760,1069,X
2026-05-21,FH3,扁蒲-花蒲,800,高雄市,16872,2020,X
2026-05-21,FH4,扁蒲-梨子蒲,800,高雄市,32714,1640,X
2026-05-21,FI1,茄子-胭脂茄,800,高雄市,8000,400,X
2026-05-21,FI2,茄子-麻荸茄,800,高雄市,74538,4086,X
2026-05-21,FJ1,番茄-黑柿,800,高雄市,62400,819,X
2026-05-21,FJ3,番茄-牛番茄,800,高雄市,163450,2690,X
2026-05-21,FK3,甜椒-新香,800,高雄市,12000,200,X
2026-05-21,FK4,甜椒-彩色種,800,高雄市,30,10,X
2026-05-21,FK41,甜椒-彩色種 紅色,800,高雄市,61226,789,X
2026-05-21,FK42,甜椒-彩色種 黃色,800,高雄市,73800,647,X
2026-05-21,FK5,甜椒-青椒,800,高雄市,74620,1400,X
2026-05-21,FK6,甜椒-水果彩椒,800,高雄市,9000,150,X
2026-05-21,FK94,甜椒-進口 彩色種,800,高雄市,2360,395,X
2026-05-21,FM2,菜豆-青色,800,高雄市,38705,890,X
2026-05-21,FN1,敏豆-白豆,800,高雄市,70984,724,X
2026-05-21,FN5,敏豆-醜豆,800,高雄市,6645,259,X
2026-05-21,FP1,萊豆-豆莢,800,高雄市,22400,330,X
2026-05-21,FR9,青花苔-進口,800,高雄市,133447.6,2389,X
2026-05-21,FT11,南瓜-木瓜型 阿成,800,高雄市,78720,2608,X
2026-05-21,FT12,南瓜-木瓜型 阿嬌,800,高雄市,9750,325,X
2026-05-21,FT2,南瓜-圓形,800,高雄市,14800,480,X
2026-05-21,FT5,南瓜-青如意,800,高雄市,82490,1539,X
2026-05-21,FT7,南瓜-栗子,800,高雄市,42800,1450,X
2026-05-21,FT72,南瓜-栗子 小黑,800,高雄市,8550,1000,X
2026-05-21,FU1,隼人瓜,800,高雄市,7200,592,X
2026-05-21,FU2,隼人瓜-瓜苗,800,高雄市,11900,180,X
2026-05-21,FV1,辣椒-紅小,800,高雄市,43360,558,X
2026-05-21,FV4,辣椒-朝天椒,800,高雄市,49720,940,X
2026-05-21,FV6,辣椒-糯米椒,800,高雄市,40785,344,X
2026-05-21,FY41,玉米-玉米筍 帶殼,800,高雄市,41660,1854,X
2026-05-21,FY5,玉米-糯米黑,800,高雄市,39130,1387,X
2026-05-21,FY6,玉米-甜軟殼,800,高雄市,37390,1270,X
2026-05-21,FY8,玉米-白龍王,800,高雄市,11200,224,X
2026-05-21,FZ2,落花生-熟,800,高雄市,9800,140,X
2026-05-21,G3,酪梨,800,高雄市,21600,270,X
2026-05-21,G49,奇異果-進口,800,高雄市,177002,1060,X
2026-05-21,I1,木瓜-網室紅肉,800,高雄市,236840,7988,X
2026-05-21,I4,木瓜-青木瓜,800,高雄市,19500,780,X
2026-05-21,J1,荔枝-玉荷包,800,高雄市,218200,1478,X
2026-05-21,LA1,甘藍-初秋,800,高雄市,627362,28270,X
2026-05-21,LA7,甘藍-改良尖,800,高雄市,38770,2150,X
2026-05-21,LA9,甘藍-進口,800,高雄市,55798.2,3762,X
2026-05-21,LB0,小白菜-其他,800,高雄市,992,420,X
2026-05-21,LB1,小白菜-土白菜,800,高雄市,64430,2298,X
2026-05-21,LB2,小白菜-蚵仔白,800,高雄市,79760,4170,X
2026-05-21,LB3,小白菜-奶油白,800,高雄市,12000,400,X
2026-05-21,LC1,包心白-包白,800,高雄市,176445,9570,X
2026-05-21,LC93,包心白菜-進口 包頭蓮 ,800,高雄市,233991.5,7974,X
2026-05-21,LD1,青江白菜-小梗,800,高雄市,95620,4276,X
2026-05-21,LE1,皇宮菜-小葉,800,高雄市,14990,460,X
2026-05-21,LF2,蕹菜-小葉,800,高雄市,99080,2196,X
2026-05-21,LG2,芹菜-白梗,800,高雄市,70280,1247,X
2026-05-21,LG3,芹菜-西洋芹菜,800,高雄市,17100,620,X
2026-05-21,LG9,芹菜-進口,800,高雄市,1690,130,X
2026-05-21,LH1,菠菜-圓葉,800,高雄市,1880,200,X
2026-05-21,LH2,菠菜-角葉,800,高雄市,127040,2009,X
2026-05-21,LI2,萵苣菜-結球萵,800,高雄市,25000,500,X
2026-05-21,LI3,萵苣菜-本島圓葉,800,高雄市,16540,403,X
2026-05-21,LI5,萵苣菜-油麥菜,800,高雄市,137560,10900,X
2026-05-21,LI6,萵苣菜-蘿美,800,高雄市,12000,200,X
2026-05-21,LJ4,芥菜-小芥菜,800,高雄市,13920,620,X
2026-05-21,LK2,芥藍菜,800,高雄市,49240,1180,X
2026-05-21,LK3,芥藍菜-芥藍芽,800,高雄市,31000,350,X
2026-05-21,LM2,莧菜-白莧菜,800,高雄市,24400,580,X
2026-05-21,LN1,油菜,800,高雄市,22000,1140,X
2026-05-21,LO1,甘薯葉,800,高雄市,124615,4310,X
2026-05-21,LP1,芫荽,800,高雄市,18520,490,X
2026-05-21,LP2,九層塔,800,高雄市,28400,650,X
2026-05-21,LT2,海菜-海帶,800,高雄市,16285,307,X
2026-05-21,MA1,洋菇,800,高雄市,12000,80,X
2026-05-21,MC1,濕木耳,800,高雄市,17020,162,X
2026-05-21,MD1,濕香菇,800,高雄市,27200,220,X
2026-05-21,ME1,金絲菇-金針菇,800,高雄市,36200,850,X
2026-05-21,MI1,秀珍菇,800,高雄市,6300,70,X
2026-05-21,MJ1,杏鮑菇,800,高雄市,58200,618,X
2026-05-21,MK1,鴻喜菇,800,高雄市,13000,130,X
2026-05-21,ML1,珊瑚菇,800,高雄市,9000,90,X
2026-05-21,N2,李-桃接李,800,高雄市,8100,180,X
2026-05-21,N3,李-紅肉李,800,高雄市,79020,1053,X
2026-05-21,OA1,鹹菜-清心,800,高雄市,28000,700,X
2026-05-21,OA2,鹹菜-帶葉,800,高雄市,35930,1181,X
2026-05-21,OB1,雪里紅,800,高雄市,17200,500,X
2026-05-21,OD1,蘿蔔乾,800,高雄市,37670,716,X
2026-05-21,OE2,醃瓜-漬,800,高雄市,9060,151,X
2026-05-21,OH1,桶筍-麻竹筍,800,高雄市,24400,305,X
2026-05-21,OH2,桶筍-綠竹筍,800,高雄市,16200,180,X
2026-05-21,OH3,桶筍-桂竹筍,800,高雄市,18160,227,X
2026-05-21,OH4,桶筍-箭竹筍,800,高雄市,16800,112,X
2026-05-21,OI1,筍乾,800,高雄市,12390,177,X
2026-05-21,OI2,筍絲,800,高雄市,6100,122,X
2026-05-21,OI3,筍片,800,高雄市,3750,50,X
2026-05-21,OI4,筍茸,800,高雄市,8160,136,X
2026-05-21,OX1,其他,800,高雄市,342080,9328,X
2026-05-21,P1,番石榴-珍珠芭,800,高雄市,37600,1030,X
2026-05-21,Q2,蓮霧-子彈型,800,高雄市,6120,126,X
2026-05-21,R1,芒果-愛文,800,高雄市,554430,8409,X
2026-05-21,R2,芒果-玉文,800,高雄市,22920,516,X
2026-05-21,R3,芒果-本島,800,高雄市,95850,2169,X
2026-05-21,R31,芒果-夏雪,800,高雄市,1560,18,X
2026-05-21,R5,芒果-黑香金興,800,高雄市,5400,90,X
2026-05-21,R6,芒果-金煌,800,高雄市,57780,1386,X
2026-05-21,S1,葡萄-巨峰,800,高雄市,59200,390,X
2026-05-21,SA3,蘿蔔-矸仔,800,高雄市,86928,9903,X
2026-05-21,SA7,蘿蔔-甜菜根,800,高雄市,8000,200,X
2026-05-21,SA9,蘿蔔-進口,800,高雄市,10000,500,X
2026-05-21,SB1,胡蘿蔔-未洗,800,高雄市,5400,360,X
2026-05-21,SB2,胡蘿蔔-清洗,800,高雄市,39900,4300,7
2026-05-21,SB2,胡蘿蔔-清洗,800,高雄市,90300,5934,X
2026-05-21,SC1,馬鈴薯-本產,800,高雄市,73974,3233,X
2026-05-21,SC9,馬鈴薯-進口,800,高雄市,21655,837,X
2026-05-21,SD1,洋蔥-本產,800,高雄市,73782.8,4164,X
2026-05-21,SD9,洋蔥-進口,800,高雄市,69800,2610,X
2026-05-21,SE3,青蔥-大蔥,800,高雄市,1200,20,X
2026-05-21,SE5,青蔥-紅蔥頭,800,高雄市,17690,251,X
2026-05-21,SE6,青蔥-粉蔥,800,高雄市,120080,2106,X
2026-05-21,SF1,韭菜-白頭,800,高雄市,22088,294,X
2026-05-21,SF2,韭菜-韭菜黃,800,高雄市,32300,225,X
2026-05-21,SF3,韭菜-韭菜花,800,高雄市,16461,231,X
2026-05-21,SG2,大蒜-軟梗,800,高雄市,54680,860,X
2026-05-21,SG5,大蒜-蒜頭,800,高雄市,51000,590,X
2026-05-21,SG6,大蒜-蒜仁,800,高雄市,40770,526,X
2026-05-21,SH5,竹筍-烏殼綠,800,高雄市,68970,1298,X
2026-05-21,SJ2,芋-檳榔心芋,800,高雄市,66230,1424,X
2026-05-21,SL1,豆薯,800,高雄市,44110,1885,X
2026-05-21,SM9,牛蒡-進口,800,高雄市,120,40,X
2026-05-21,SN1,蓮藕,800,高雄市,37500,600,X
2026-05-21,SO1,甘薯-臺農57號,800,高雄市,31875,1275,X
2026-05-21,SO3,甘薯-臺農66號,800,高雄市,30350,1294,X
2026-05-21,SP1,薑-老薑,800,高雄市,39100,352,X
2026-05-21,SP2,薑-嫩薑,800,高雄市,24160,225,X
2026-05-21,SP3,薑-粉薑,800,高雄市,13800,146,X
2026-05-21,SQ1,茭白筍-帶殼,800,高雄市,51600,690,X
2026-05-21,SQ3,茭白筍-去殼,800,高雄市,32250,195,X
2026-05-21,SU2,薯蕷-白薯蕷,800,高雄市,20100,201,X
2026-05-21,SV2,蘆筍-綠蘆筍,800,高雄市,28800,144,X
2026-05-21,SV92,蘆筍-進口 綠蘆筍,800,高雄市,22000,88,X
2026-05-21,SX1,芽菜類-綠豆芽,800,高雄市,144780,4826,X
2026-05-21,SX2,芽菜類-黃豆芽,800,高雄市,19920,664,X
2026-05-21,SX3,芽菜類-豌豆芽,800,高雄市,16960,212,X
2026-05-21,SX4,芽菜類-苜蓿芽,800,高雄市,5600,70,X
2026-05-21,T1,西瓜-大西瓜,800,高雄市,373000,18160,X
2026-05-21,T5,西瓜-黃肉,800,高雄市,23800,1860,X
2026-05-21,T8,西瓜-甜美人,800,高雄市,960,80,X
2026-05-21,V1,甜瓜-美濃,800,高雄市,7200,240,X
2026-05-21,W6,洋香瓜-光面綠肉,800,高雄市,7800,312,X
2026-05-21,X69,蘋果-富士進口,800,高雄市,642000,7850,X
2026-05-21,Y1,桃子-水蜜桃,800,高雄市,7800,36,X
2026-05-21,Y3,桃子-甜桃,800,高雄市,76920,780,X
2026-05-21,Y5,桃子-福壽桃,800,高雄市,54390,741,X
2026-05-21,Y9,桃子-進口,800,高雄市,523000,1350,X
2026-05-21,rest,休市,900,屏東市,0,0,休市

